Business Name,Tier,Business Type,Street Address,Zip,Neighborhood,Phone,Website,Owner or Manager Full Name,Owner Title,Owner Email,General or Info Email,Instagram Handle,Staff Count,Staff Count Source,Booking Software,Booking Software Source,Google Rating,Google Review Count,Multi Location,Notes
GC By George Charles,1,hair salon,"34 E Oak St, Fl 4",60611,Streeterville / Gold Coast,(312) 643-0345,https://www.gcbygeorgecharles.com,George Charles Long,owner,,,@gcbygeorgecharles,26,https://www.gcbygeorgecharles.com/about-us/,phorest,https://www.phorest.com/salon/georgecharlessalon,4.9,1182,no,"4.9★ on Google (1,182 reviews); actively hiring (Careers/Join Our Team)."
River North Massage Therapy Center,1,beauty and wellness,"40 E Huron St, Ste 200,Fl 2, 2nd Floor",60611,Near North Side,(312) 854-2834,http://www.rivernorthmassage.com,,,,,@RiverNorthMassage,19,http://www.rivernorthmassage.com/our-staff.html,mindbody,http://www.rivernorthmassage.com,4.8,860,no,"Actively hiring; runs tiered Student/Graduate/Professional massage clinic model, roster of 19+ LMTs (undercounted, page truncated); Strong review base (860 Google reviews)"
Charles Ifergan Salon,1,hair salon,"106 E Oak St, Fl 4",60611,Streeterville / Gold Coast,(312) 642-4484,http://www.charlesifergan.com,Charles Ifergan,owner,,,@charlesifergan,18,http://www.charlesifergan.com/chicago/#team/,unknown,http://www.charlesifergan.com,4.6,324,yes (3),Celebrating 50 years in business; currently hiring (apprenticeship program).
Anthony Cristiano Salon,1,hair salon,"401 N Wabash Ave, Level 1M, Ste B",60611,Streeterville / Gold Coast,(312) 268-2440,http://www.anthonycristiano.com,Anthony Cristiano,owner,,info@anthonycristiano.com,@anthonycristianosalon,17,http://www.anthonycristiano.com/our-team,unknown,http://www.anthonycristiano.com/,4.6,82,no,"Owner Anthony Cristiano has 30+ years styling celebrities/editorial (Vogue, Vanity Fair, Kardashians, etc.), strong prestige angle for outreach"
Platinum 34,1,hair salon,"34 E Oak St, Fl 7",60611,Streeterville / Gold Coast,(312) 643-1288,http://www.platinum34.com,,,,,@platinum34salon,5,http://www.platinum34.com,unknown,http://www.platinum34.com,4.7,181,no,Currently hiring stylists.
Salon Buzz,1,beauty and wellness,1 E Delaware Pl,60611,Streeterville / Gold Coast,(312) 943-5454,http://www.salonbuzz.com,,,,,@salonbuzzchi,5,http://www.salonbuzz.com/team,zenoti,https://salonbuzz.zenoti.com/webstoreNew/services,4.8,324,yes (2),"Team page roster text cuts off mid-alphabet (site error partway through the list) -- 5 Gold Coast staff confirmed, but actual headcount may be higher."
Channing's Studio & Spa,2,beauty and wellness,"48 E Oak St, Fl 4",60611,Streeterville / Gold Coast,(312) 280-1994,http://www.channings.com,Cheryl Renella,owner,,info@channings.com,@channings_spa,4,http://www.channings.com/our-team,booker,https://go.booker.com/location/channingsspa,4.8,125,no,"Hiring (per website); Recently relocated to new elevated location at 48 E Oak St (Stone Island building, 4th floor)."
True Skin Care Center,2,beauty and wellness,"845 N Michigan Ave, Ste 923E",60611,Streeterville / Gold Coast,(312) 335-2070,http://www.trueskincarecenter.com,,,,,@tscc_official,3,http://www.trueskincarecenter.com/about-true/,unknown,http://www.trueskincarecenter.com/,4.6,18,no,
Aesthetics For You,,beauty and wellness,"60 E Delaware, Fl 15",60611,Streeterville / Gold Coast,(312) 731-5585,http://www.aestheticsforyou.com,Rana Kennelly,owner,,,@naturally_rana,,unverified,unknown,http://www.aestheticsforyou.com,,,no,
All For You On 2,,beauty and wellness,"845 N Michigan Ave, Fl 9, Ste 908",60611,Streeterville / Gold Coast,(312) 310-9029,,,,,,,,unverified,unknown,https://www.yelp.com/biz/all-for-you-on-2-chicago-3,,,no,
Allure Lash Bar,,lash and brow,"233 E Erie St, Ste 100",60611,Streeterville / Gold Coast,(872) 215-6475,http://www.allurelashbar.com,,,,,,,unverified,vagaro,https://www.vagaro.com/googlemap/U2FsdGVkX1~GFt87yYZD-BwGGw2AQzhTvwiMza9pboY=/services?rwg_token=AE37R_htaftOpAXP9bks1mvSfT9UQlr6VPsZfeVcVtWL_DO8KNiWLRLqccKp0m9w5mZANEBRZma-WwkZbtmfhEJ3bCUK9TRq4w%3D%3D,4.4,13,no,
Amazing Lash Studio,,lash and brow,334 E Ohio St,60611,Streeterville / Gold Coast,(872) 228-5274,https://www.amazinglashstudio.com/studios/il/chicago/chicago-streeterville,,,,chicagostreeterville@amazinglashstudio.com,@amazinglashchicago,,unverified,unknown,https://www.amazinglashstudio.com/studios/il/chicago/chicago-streeterville,4.1,200,yes (150+),Actively hiring (Careers page live).
Amyrkl Spa & Designs,,lash and brow,"875 N Michigan Ave, Ste 3100",60611,Streeterville / Gold Coast,(872) 213-9632,,,,,,,,unverified,unknown,https://www.yelp.com/biz/amyrkl-spa-and-designs-chicago,,,no,
Anastasia Brow Studio,,lash and brow,55 E Grand Ave,60611,Streeterville / Gold Coast,(312) 464-1515,,,,,,,,unverified,unknown,https://www.yelp.com/biz/anastasia-brow-studio-chicago,,,no,
Anna Salon & Spa,,lash and brow,"835 N Michigan Ave, FL 4",60611,Streeterville / Gold Coast,(312) 894-6296,,,,,,,,unverified,unknown,https://www.yelp.com/biz/anna-salon-and-spa-chicago,,,no,Yelp specialties mention plans to open a new location.
Bedazzled Nails and Spa,,nails,221 E Grand Ave,60611,Streeterville / Gold Coast,(312) 631-3100,http://www.bedazzlednailsandspa.com,,,,,@bedazzlednailsandspa,,unverified,unknown,http://www.bedazzlednailsandspa.com/,4.2,644,no,Strong review base (644 Google reviews)
Beths Skin Clinic,,beauty and wellness,"233 E Erie St, Ste 202",60611,Streeterville / Gold Coast,(312) 488-1917,,,,,,,,unverified,unknown,https://www.yelp.com/biz/beths-skin-clinic-chicago,,,no,
Better You Wellness,,beauty and wellness,"605 N Michigan, Ste Fl 4",60611,Streeterville / Gold Coast,(312) 975-2648,,,,,,,,unverified,unknown,https://www.yelp.com/biz/better-you-wellness-chicago,,,no,
Brazilian Lymph Spa,,beauty and wellness,"645 N Michigan Ave, Fl 4 Ste 420",60611,Streeterville / Gold Coast,(773) 501-8969,http://www.brazilianlymphspa.com,,,,relax@brazilianlymphspa.com,@brazilianlymphspa,,unverified,boulevard,http://www.brazilianlymphspa.com,5,1091,no,"Founder-led lymphatic drainage spa (Val), celebrity clientele (Met Gala, Oscars, Victoria's Secret); 1,091 Google reviews at 5.0. About page mentions ""licensed massage therapists"" generically but names only founder Val, no countable roster found."
CC TRESSES OF BEAUTY,,hair salon,21 E Chestnut St,60611,Streeterville / Gold Coast,(312) 404-5171,,,,,,,,unverified,unknown,https://www.yelp.com/biz/cc-tresses-of-beauty-chicago,,,no,
California Nails,,nails,8 E Chestnut St,60611,Streeterville / Gold Coast,(312) 944-4790,,,,,,,,unverified,unknown,https://www.yelp.com/biz/california-nails-chicago-2,,,no,
Complexions,,nails,161 E Erie St,60611,Streeterville / Gold Coast,(312) 915-0084,,,,,,,,unverified,unknown,https://www.yelp.com/biz/complexions-chicago-2,,,no,
Concierge Medical Spa,,beauty and wellness,"100 E Walton, Ste 400",60611,Streeterville / Gold Coast,(630) 715-2853,http://www.conciergemedspa.com,,,,,@conciergemedspa,,unverified,unknown,http://www.conciergemedspa.com,4.8,146,yes (4),"Roster of 4 appears company-wide (yes (4)); per-location count unverified, source: http://www.conciergemedspa.com/about/; A gift-card link suggests square, but the Book button destination was not captured; roster spans multiple locations (Geneva, Barrington, Naperville, Chicago Gold Coast), could not isolate this address's headcount"
Danaii Day Spa,,beauty and wellness,"230 E Ohio St, Ste 410 1290",60611,Streeterville / Gold Coast,(773) 692-0233,,,,,,,,unverified,unknown,https://www.yelp.com/biz/danaii-day-spa-chicago,,,no,
Delle Amiche Salon,,hair salon,"980 N Michigan Ave, Ste 250",60611,Streeterville / Gold Coast,(312) 337-2665,http://www.delleamichesalon.com,,,,,@delleamiche,,unverified,vagaro,https://www.vagaro.com/googlemap/U2FsdGVkX1-yf4qciaiHU129AKwIebf37~Mysa8ggY8=/services?rwg_token=AE37R_jZsfFVGMOkfv2636lquCh6WsS_b0foSBp-AXyPhAaMXZgT8A9Ri9q1qpRU-RnXskFiH1Mh1oe-u_xnI3haKrjZKqQd-Q%3D%3D,5,29,no,
Endermologie Chicago,,beauty and wellness,"106 E Oak St, Ste 200",60611,Streeterville / Gold Coast,,http://www.endermologiechicago.com,,,,,@endermologie_chicago,,unverified,unknown,http://www.endermologiechicago.com,,,no,"Website content appears to describe the Northbrook location ('at TERRA Salon and SPA'), not a Chicago-specific roster."
Fantasy Nails,,nails,46 E Chicago Ave,60611,Streeterville / Gold Coast,(312) 664-0012,,,,,,,,unverified,unknown,https://www.yelp.com/biz/fantasy-nails-chicago,3.9,143,no,Family-owned since 1998; doubled shop size in 2015
Image Beauty Bar,,lash and brow,323 E Ontario St,60611,Streeterville / Gold Coast,(312) 266-1323,,,,,,,,unverified,unknown,https://www.yelp.com/biz/image-beauty-bar-chicago,,,no,
Irra BEAUTY,,lash and brow,500 N Lake Shore Dr,60611,Streeterville / Gold Coast,,,,,,,,,unverified,unknown,https://www.yelp.com/biz/irra-beauty-chicago,,,no,
Lash Out Chicago,,lash and brow,605 N Michigan Ave,60611,Streeterville / Gold Coast,(773) 593-0002,,,,,,,,unverified,unknown,https://www.yelp.com/biz/lash-out-chicago-chicago-2,4.5,8,no,
Lisa's Nail Salon,,nails,"50 E Oak St, Ste 1W",60611,Streeterville / Gold Coast,(312) 787-3838,,,,,,,,unverified,unknown,https://www.yelp.com/biz/lisas-nail-salon-chicago,4.5,65,no,
Lynette's Healing Hands,,beauty and wellness,"605 N Michigan Ave, Fl 4",60611,Streeterville / Gold Coast,(773) 782-1433,,,,,,,,unverified,unknown,https://www.yelp.com/biz/lynettes-healing-hands-chicago-5,4.4,65,no,"Website (benchmarkchicago.com) resolves to an unrelated Old Town sports bar at a different address, mismatched source, not usable evidence for this massage/waxing business; Website listed on Yelp (benchmarkchicago.com) looks like a different business; removed"
Mireille's Studio,,beauty and wellness,"49 E Oak St, Fl 3",60611,Streeterville / Gold Coast,(312) 587-8727,http://www.mireillesstudio.com,Mireille Hamon,owner,,,@mireillesstudio,,unverified,booker,https://go.booker.com/location/mireillesstudio,4.9,38,yes (2),Operates 2 locations (Gold Coast + Winnetka); founder Mireille Hamon was the Oprah Winfrey Show's makeup artist from 1991-2011.
Modern Waxing,,lash and brow,"34 E Oak St, Fl 6",60611,Streeterville / Gold Coast,(773) 331-6437,http://modernwaxing.com,,,,,,,unverified,setmore,http://modernwaxing.setmore.com,4.8,26,no,
Nail Perfection and Foot Spa,,nails,436 E Grand Ave,60611,Streeterville / Gold Coast,(312) 643-8584,,,,,,,,unverified,unknown,https://www.yelp.com/biz/nail-perfection-and-foot-spa-chicago,4.6,695,no,Strong review base (695 Google reviews)
Nailacarte - Streeterville,,nails,160 E Grand Ave,60611,Near North Side,(312) 766-7137,http://www.nailacarte.com/streeterville,,,,info@nailacarte.com,@nailacarte,,unverified,unknown,http://www.nailacarte.com/streeterville,4.8,203,yes (5),"A gift-card link suggests zenoti, but the Book button destination was not captured; 5 Chicago locations (West Loop, Wicker Park, River North, Gold Coast, Streeterville)"
Nancy Angelair Salon,,hair salon,1009 N Rush St,60611,Streeterville / Gold Coast,(312) 943-3011,http://www.nancyangelairsalon.com,,,,,@nancyangelairsalon,,unverified,unknown,http://www.nancyangelairsalon.com,4.4,25,no,
Natural Hair Growth Solutions,,hair salon,"980 N Michigan Ave, Ste 1230",60611,Streeterville / Gold Coast,(847) 945-2000,,,,,,,,unverified,unknown,https://www.yelp.com/biz/natural-hair-growth-solutions-chicago,1,2,no,
NoMI Spa,,beauty and wellness,800 N Michigan Ave,60611,Streeterville / Gold Coast,(312) 239-4200,,,,,,,,unverified,unknown,https://www.yelp.com/biz/nomi-spa-chicago,5,8,no,Website listed on Yelp (hyatt.com) looks like a different business; removed
Oaks Massage Therapy,,beauty and wellness,"505 N Lake Shore Dr, Ste 204",60611,Streeterville / Gold Coast,(312) 522-2802,http://www.oaksmassagetherapy.com,,,,,,,unverified,vagaro,https://www.vagaro.com/oaksmassagetherapyllc/services,5,12,no,
One 100 Chicago Salon,,hair salon,323 E Ontario St,60611,Streeterville / Gold Coast,(312) 643-1010,http://www.One100Chicago.com,,,,info@one100chicago.com,@one100chicagosalon,,unverified,unknown,http://www.One100Chicago.com,4,127,no,Billed as Streeterville's #1 Salon 4 years running (2022-2025); actively hiring.
Ori Massage Spa,,beauty and wellness,327 E Ontario St,60611,Streeterville / Gold Coast,(312) 643-0931,https://www.orispa.com/chicago/327-e-ontario-street,,,,,@byorispa,,unverified,booker,https://go.booker.com/brand/pausemassagebrand/locations,4.8,281,yes (2),Hiring (per website); female-owned small business (per IG bio); 2 locations per IG bio (708 N Dearborn St + this 327 E Ontario St address)
Paul Rehder Salon,,nails,"70 E Walton, Fl 3",60611,Streeterville / Gold Coast,(312) 943-7404,http://paulrehdersalon.com,,,,,@paulrehdersalon,,unverified,none,http://paulrehdersalon.com,4.6,73,yes (2),"Roster of 3 appears company-wide (yes (2)); per-location count unverified, source: http://paulrehdersalon.com/about/; roster spans 2 locations (Chicago + Winnetka per IG bio), not distinguished by location"
Peachy,,beauty and wellness,875 N Rush St,60611,Streeterville / Gold Coast,(312) 912-8261,https://peachystudio.com/pages/gold-coast,,,,hello@peachystudio.com,@peachystudio,,unverified,boulevard,https://sandbox.joinblvd.com/api/2020-01/,5,361,yes (6),"Hiring (per website); Multi-city chain (NY, Chicago, DC, Atlanta, Austin, Charlotte); site refers only to generic 'Peachy Providers' (board-certified Nurse Practitioners), no names given for the Gold Coast location."
Polish and Pour - Streeterville,,nails,401 E Ontario St,60611,Streeterville / Gold Coast,(312) 643-3100,http://www.polishandpour.com,,,,,@polishandpour,,unverified,meevo,https://login.meevo.com/PolishandPour/ob?locationId=202659,4.2,296,yes (2),
Purebeauty Salon and Spa,,hair salon,"835 N Michigan Ave, Fl 4, Macy's",60611,Streeterville / Gold Coast,(312) 335-7622,https://www.purebeauty.com/locations/purebeauty-macys-water-tower,,,,,,,unverified,unknown,https://www.purebeauty.com/locations/purebeauty-macys-water-tower/,,,no,
RESTORE HAIR,,beauty and wellness,"875 N Michigan Ave, Fl 31",60611,Streeterville / Gold Coast,(866) 488-9356,http://www.RestoreHair.com,,,,,,,unverified,acuity,http://www.RestoreHair.com,5,3,yes (5),"Roster of 6 appears company-wide (yes (5)); per-location count unverified, source: http://www.RestoreHair.com/team; Hiring (per website); AMBIGUOUS: this is a national franchise (Restoration Holdings LLC), the 6 named doctors are described as serving affiliated locations across Chicago, Charlotte NC, Dallas TX, Denver CO & NYC, not necessarily all at this one Chicago Michigan Ave suite. Count given per multi-location rule but likely overcounts staff physically at this address."
Rejuva Skin Care,,beauty and wellness,845 N Michigan Ave,60611,Streeterville / Gold Coast,(512) 870-8183,,,,,,,,unverified,unknown,https://www.yelp.com/biz/rejuva-skin-care-chicago,,,no,
Ricardo Santiago Salon,,hair salon,"34 E Oak St, Fl 5",60611,Streeterville / Gold Coast,(312) 933-1199,http://www.ricardosantiago.com,,,,,,,unverified,unknown,http://www.ricardosantiago.com,,,no,"AMBIGUOUS CASE: website domain has lapsed and is listed for sale via GoDaddy; no Instagram, no Google rating/reviews at all. Suggests the business may be defunct, but no source directly states 'closed' so exclude_reason left null per the never-guess rule."
Salon 161,,hair salon,161 E Erie St,60611,Streeterville / Gold Coast,(312) 943-4122,,,,,,,,unverified,unknown,https://www.yelp.com/biz/salon-161-chicago,4.4,37,no,
Salon Distefano,,hair salon,405 N Wabash Ave,60611,Streeterville / Gold Coast,(312) 527-0232,,,,,,,,unverified,unknown,https://www.yelp.com/biz/salon-distefano-chicago-2,3.3,8,no,
Sara Nail,,nails,162 E Ohio St,60611,Streeterville / Gold Coast,(312) 244-9443,,,,,,,,unverified,unknown,https://www.yelp.com/biz/sara-nail-chicago,,,no,
Skin Deep Anti-Aging Spa,,beauty and wellness,"200 E Walton Pl, Unit 5",60611,Streeterville / Gold Coast,(888) 380-7546,,,,,,,,unverified,unknown,https://www.yelp.com/biz/skin-deep-anti-aging-spa-chicago,,,no,
Skin Specific,,beauty and wellness,845 N Michigan Ave,60611,Streeterville / Gold Coast,(312) 380-9420,,,,,,,,unverified,unknown,https://www.yelp.com/biz/skin-specific-chicago,,,no,
Spa At Four Seasons Hotel,,beauty and wellness,120 E Delaware Pl,60611,Streeterville / Gold Coast,(312) 280-8800,http://www.fourseasons.com/chicagofs/spa.html,,,,,@fschicago,,unverified,unknown,http://www.fourseasons.com/chicagofs/spa.html,4.2,31,yes (count unknown),"Hiring (per website); Team pages found only named meetings/events staff (Conference Services, Catering Directors), not spa service providers."
Spa O Nails & More,,nails,240 E Illinois St,60611,Streeterville / Gold Coast,(312) 871-2121,,,,,,,,unverified,boulevard,https://www.joinblvd.com/b/spa-o-club/widget#/visit-type,4.6,280,no,Website listed on Yelp (spaoclub.com) looks like a different business; removed
Spatini,,beauty and wellness,"207 E Ohio St, Ste 320",60611,Streeterville / Gold Coast,(773) 418-4163,,Rendy Nelson,owner,,,,,unverified,unknown,https://www.yelp.com/biz/spatini-chicago-2,,,no,
Sport Clips Haircuts of Chicago - River North,,hair salon,"44 E Superior St, Ste 1",60611,Streeterville / Gold Coast,(312) 496-3792,https://sportclips.com/us-il-chicago-il207,,,,,@sportclipshaircuts,,unverified,unknown,https://sportclips.com/us-il-chicago-il207?utm_source=yelp&utm_medium=referral,4.7,493,yes (count unknown),"Actively hiring; walk-ins only, no appointments (uses proprietary Online Check In queue, not appointment booking)"
Streeterville Alternative Medicine,,beauty and wellness,"233 E Erie, Ste 716",60611,Streeterville / Gold Coast,(312) 924-3743,,,,,,,,unverified,unknown,https://www.yelp.com/biz/streeterville-alternative-medicine-chicago,,,no,
Sugaring NYC - Chicago,,lash and brow,"645 N Michigan Ave, Ste 420",60611,Streeterville / Gold Coast,(888) 647-8427,,,,,,,,unverified,unknown,https://www.yelp.com/biz/sugaring-nyc-chicago-chicago-2,,,yes (count unknown),
Tao of Brow,,lash and brow,"67 E Oak St, Fl 5",60611,Streeterville / Gold Coast,(312) 208-8780,http://www.blow-by-blow.com,,,,,,,unverified,booker,http://go.booker.com\location\blowbyblow2,5,2,no,"source's website/team_page/booking fields point to an unrelated salon ('blow by blow' in Highwood, IL) - disregarded as a data mismatch; verdict based only on Yelp business history/specialties"
The M Studio,,beauty and wellness,70 E Oak St,60611,Streeterville / Gold Coast,(312) 649-1510,http://www.vistaprint.in,,,,,@vistaprintindia,,unverified,unknown,http://www.vistaprint.in/,,,no,Hiring (per website); Scraped 'team pages' data appears to be from an unrelated site (VistaPrint); no evidence collected for this business
The Med Spa Streeterville,,beauty and wellness,"676 N St Clair St, Ste 1575",60611,Streeterville / Gold Coast,(312) 266-6240,,Neil Fine,owner,,,,,unverified,unknown,https://www.yelp.com/biz/the-med-spa-streeterville-chicago,4.5,51,yes (2),"Roster of 8 appears company-wide (yes (2)); per-location count unverified, source: https://northwesternplastics.com/med-spa-team; Med Spa team roster spans both Streeterville and River North locations, not split by location; Website listed on Yelp (northwesternplastics.com) looks like a different business; removed"
The Spa at Trump,,beauty and wellness,401 N Wabash Ave,60611,Near North Side,(312) 588-8020,https://www.trumphotels.com/chicago/spa/chicago-spa-services,,,,tch_spa@trumphotels.com,@trumphotels,,unverified,unknown,https://www.trumphotels.com/chicago/spa/chicago-spa-services,4.1,130,no,careers page shows active hiring
The Waldorf Astoria Spa,,beauty and wellness,11 E Walton St,60611,Streeterville / Gold Coast,(312) 646-1310,,,,,,,,unverified,unknown,https://www.yelp.com/biz/the-waldorf-astoria-spa-chicago-2,4.6,105,no,"Forbes-rated, award-winning spa (per Yelp specialties); Website listed on Yelp (hilton.com) looks like a different business; removed"
Tricoci Salon & Spa - Chicago,,beauty and wellness,900 Michigan Ave,60611,Streeterville / Gold Coast,(847) 202-1900,https://www.tricoci.com/pages/chicago,,,,,,,unverified,zenoti,https://mariotricoci.zenoti.com/temp_data/tempassetstore/e16b87c7-1193-4526-961a-96e42468e5ed/customassetupload/b17a4261-1fb8-4c76-9ee1-0334c1ebd626.png,4.3,693,yes (13),Hiring (per website); Established 40+ years; chain operates 13 Chicago-area locations; Strong review base (693 Google reviews)
Vickies Nail Salon,,nails,7 E Superior St,60611,Streeterville / Gold Coast,(312) 787-8878,http://vickiesnails.com,,,,vickiesnail@gmail.com,,,unverified,unknown,http://vickiesnails.com/,4.1,307,no,"Large single-location nail spa, 18 pedicure chairs + 25 manicure tables in ~3,000 sq ft, next to Holy Name Cathedral."
Yesenia Saad Modern Health & Beauty,,lash and brow,"980 N Michigan Ave, Ste 1379",60611,Streeterville / Gold Coast,(312) 300-0435,https://yeseniasaad.com,Yesenia Saad,owner,,,,,unverified,unknown,https://yeseniasaad.com,4.6,82,no,
Zazu Salon,,hair salon,64 E Walton St,60611,Streeterville / Gold Coast,(312) 573-8088,http://www.zazusalons.com,,,,,@zazusalons,,unverified,zenoti,https://zazusalons.zenoti.com/webstoreNew/services,4.6,172,yes (7),"Luxury salon chain since 1979 with 7 destinations incl. this Gold Coast location (est. 2012). Booking software listed as Zenoti, but Google's booking link points to a Fresha listing for this location, worth confirming current software before pitching."
Viva La Med Spa,1,beauty and wellness,1657 N Wells St,60614,Lincoln Park,(312) 971-5915,http://vivalamedspa.com,,,,info@vivalamedspa.com,@vivalamedspa,15,https://vivalamedspa.com/about-vivalamedspa/,unknown,http://vivalamedspa.com,4.7,549,yes (2),15-person injector/aesthetician team at this Old Town location alone; 2nd location in Buffalo Grove; 4.7 rating over 549 Google reviews
Salon 1800,1,hair salon,1962 N Clybourn Ave,60614,Lincoln Park,(773) 929-6010,http://www.salon1800lp.com,Lisa Lally Kerman,owner,,salon1800@gmail.com,@salon1800,14,http://www.salon1800lp.com/team,unknown,http://www.salon1800lp.com,4.2,354,no,"A gift-card link suggests meevo, but the Book button destination was not captured; Recently relocated to a new space on Clybourn after 35+ years in Lincoln Park."
Reflektion Salon,1,hair salon,2734 N Clark St,60614,Lincoln Park,(773) 666-5477,http://www.reflektionsalon.com,,,,info@reflektionsalon.com,@reflektionsalon,13,http://www.reflektionsalon.com/team,vagaro,https://www.vagaro.com/Users/BusinessWidget.aspx?enc=MMLjhIwJMcwFQhXLL7ifVDvwIE9eEVECAshLfZs+oKQlLUqmr3Vo7d/BXg6i7V+y8Z1oIhjNhEuF/3/IPzdeB1Szlyo2cro/fp7QqWfc+fZzZbFgIWX0EaiM1wegIFDQNj1olFbXfXlxqqq0MlDsBTqW783vluCZgxFwKYEm2wnz7JP70VRMK58KkqnZSlKftqdekjYp4EcFqMPBjynZror9nApPlZMTS6H5/hhM8PWbamZ5PvLODExkHy/RnXQPUOQ8uzTiNmbHUZxUjZx9GkKM984a/T/L+SINAS38YXovTmsmH8vtrKckTsrpJ3da5eFtX2LBaaoXikoL/b3v5P+A2spDGI05Ph5j6RM01D3/g1dX9vcVSRGuShqgbCh3RKegCclKY5BLlwk+6mK5NlDR0b/9tn8sg+Gh9LdqWuVcQpOhOH+9A+rHuxZoVcHpuBj/EOicsrF4syfCTz8H0uQ5/jS4tRgqL93mCH/Orc83HaiS2aUsLaCMNInzdhj28GBPhv6ZSEJfp2HRSBPWhA==,4.9,401,yes (2),
Salon Glow Chicago,1,hair salon,2766 N Lincoln Ave,60614,Lincoln Park,(773) 327-7200,http://www.salonglowchicago.com,Brittany Bella Morgan,owner,,,@askforbella,12,https://www.salonglowchicago.com/glowteam,boulevard,https://www.joinblvd.com/b/salonglowchicago/widget#/visit-type,4.9,286,no,"Founded Oct 2012 by Bella; team page says they ""continue to grow our salon, staff and skills"" and website_hiring flag is true."
Mitchell & Co,1,hair salon,2558 N Southport Ave,60614,Lincoln Park,(773) 281-3330,http://www.mitchellandcosalon.com,Bobbi Mitchell,co-owner,kiona@mitchellandcosalon.com,kiona@mitchellandcosalon.com,@mitchellco_chicago,9,http://www.mitchellandcosalon.com/team/,phorest,https://phorest.com/book/salons/mitchellandco#/,4.9,141,no,"Woman/LGBTQ-owned family salon founded 2015 by married co-owners Bobbi & Kiona Mitchell; 4.9★ reviews name individual stylists (Rachel, Connie, Pamela) for personalized service; Co-owner: Kiona Mitchell"
Eclipse Salon Chicago,1,hair salon,1010 W Diversey Pkwy Storefront,60614,Lincoln Park,(630) 430-8405,http://eclipsesalon-chicago.com,,,,andre@eclipsesalon-chicago.com,,8,http://eclipsesalon-chicago.com/team,fresha,https://www.fresha.com/lvp/eclipse-salon-west-diversey-parkway-chicago-3oQgR8,,,no,"Existing Fresha user, payments-attach conversation?; actively hiring stylists (booth-rental positions open)"
Isaac Crawford Salon,1,hair salon,1130 W Diversey Pkwy,60614,Lincoln Park,(773) 857-0465,http://www.isaaccrawfordsalon.com,Isaac Crawford,owner,,,@isaaccrawfordsalon,8,http://www.isaaccrawfordsalon.com/team/,phorest,https://www.phorest.com/salon/isaaccrawfordsalon?utm_source=ig&utm_medium=social&utm_content=link_in_bio,,,no,"Currently hiring (Join Our Team page live); salon est. 2022; reviews call out individual stylists by name (Mykol, Olyvia, Jorge, Danji)."
Lavender Park,1,hair salon,2537 N Sheffield Ave,60614,Lincoln Park,(773) 248-8211,http://www.lavenderparksalon.com,,,,info@lavenderparksalon.com,@lavenderparksalon,8,http://www.lavenderparksalon.com/lincoln-park-team,boulevard,https://dashboard.boulevard.io/booking/businesses/e0ca1e37-21c3-4869-855c-bd085e573a46/widget#/locations,4.8,180,yes (2),Actively hiring (careers page live).
Ricci Kapricci Fullerton,1,hair salon,1416 W Fullerton Ave,60614,Lincoln Park,(773) 477-1050,https://www.riccikapricci.com/fullerton-location,Silvio Mato,owner,,riccikapricci1@gmail.com,@riccikapricci.salon,8,https://www.riccikapricci.com/fullerton-location,phorest,https://phorest.com/book/salons/riccikapriccisalon,4.8,263,yes (3),
Emmett Rodé Salon,1,hair salon,"1940 N Lincoln Ave, Ground Floor",60614,Lincoln Park,(773) 750-7726,http://www.emmettrode.com,,,,cpientka10@gmail.com,@emmettrodesalon,7,http://www.emmettrode.com#team,unknown,http://www.emmettrode.com,,,no,Stylists appear to book independently (one uses vagaro); no shared salon booking tool confirmed; Actively hiring independent stylists (site + IG: '#chicagosalonhiring')
Salon Shiloh,1,hair salon,1967 N Halsted St,60614,Lincoln Park,(312) 265-1513,http://Salonshiloh.com,Tracy Kucia Podesta,owner,,info@salonshiloh.com,@salonshilohchicago,7,http://Salonshiloh.com/team,phorest,https://phorest.com/book/salons/salonshiloh,5,133,no,Actively hiring (dedicated Careers page live on site)
Lincoln Park Hair Salon,1,hair salon,507 / 509 West Dickens Ave,60614,Lincoln Park,(847) 868-0011,https://www.lpsalonandspa.com,Tania Gilbert,owner,,info@lpsalonandspa.com,@lincolnparkhairsalon,6,https://www.lpsalonandspa.com/stylists,unknown,https://www.lpsalonandspa.com,4.9,677,no,Owner Tania Gilbert was awarded Best Makeup and Hair Expert by Bridal Beauty of Illinois; Strong review base (677 Google reviews)
Stranded Beauty & Barber,1,hair salon,2517 N Halsted St,60614,Lincoln Park,(312) 883-7570,http://www.strandedchicago.com,Kristin Klein,owner,,,@strandedchicago,6,http://www.strandedchicago.com/stylists,unknown,http://www.strandedchicago.com,4.7,58,no,One stylist books independently via glossgenius (https://kristinklein.glossgenius.com); the salon itself may not have a shared booking tool; Salon collective since 2015; each stylist independently bookable via own page (e.g. Kristin Klein on GlossGenius).
Carla Theresa Salon,1,hair salon,"2219 N Clybourn Ave, Unit 102",60614,Lincoln Park,(847) 770-2634,https://www.carlatheresasalon.com,Carla Kopecky,owner,,info@carlatheresasalon.com,@carlatheresasalon,5,https://www.carlatheresasalon.com/team,vagaro,https://www.vagaro.com/us04/carlatheresasalon,5,66,no,actively recruiting stylists (booth rental)
Salon V,2,hair salon,1007 W Webster Ave,60614,Lincoln Park,(773) 296-0616,http://www.salonvchicago.com,,,,info@salonvchicago.com,@salonvchicago,4,http://www.salonvchicago.com/#about-section,unknown,http://www.salonvchicago.com/,4.8,79,no,"Stylists book independently (David via GlossGenius, Jessica via Square, Rinia via GlossGenius, Veronica by call/text); no shared salon booking tool; Salon shifted to an independent-stylist model, clients now book and pay directly with each stylist (per site announcement)."
Better Med Spa & Wellness,2,beauty and wellness,2117 N Halsted St,60614,Lincoln Park,(312) 285-2618,http://bettermedspa.com,Brianna Bernhardt,owner,,hello@bettermedspa.com,@better.medspa,3,http://bettermedspa.com/about,boulevard,https://dashboard.boulevard.io/booking/businesses/ff8a2f76-c503-46f6-9d9d-bacf10ffefe6/widget?path=%2Fcart%2Fmenu%2FProfessional%2520Consultations&locationId=755a62be-6296-4838-acec-3e1a7dd96b50&visitType=SELF_VISIT,4.7,158,no,billed as Chicago's first K-Beauty med spa concierge clinic; actively hiring
Premier Med Spa,2,beauty and wellness,2071 N Clybourn,60614,Lincoln Park,(773) 762-9304,http://www.premiermedspachicago.com,John Latall,owner,,info@premiermedspachicago.com,@premiermedspachicago,3,https://www.premiermedspachicago.com/about/,square,https://app.squareup.com,5,36,no,
Salon Rouge,2,hair salon,1939 N Lincoln Ave,60614,Lincoln Park,(312) 274-1316,http://www.salonrougechicago.com,Marco Cardenas,co-owner,,,,3,https://www.salonrougechicago.com/about-us,vagaro,https://www.vagaro.com/googlemap/U2FsdGVkX19fRrvfHX-AFv7EJMXG-FpsFkbKEmLiQEk=/services?rwg_token=AE37R_gKgecpAWwbcdONx2NN_e9rDBkp_XrIB8yNCJWpa7hS6Cj_LXzbm5fYrjixQ12NT445PemrM4rZaoxKXGUhw4UcsNoG3A%3D%3D,4.9,40,no,"Marco Cardenas recognized by Allure magazine as one of Chicago's ""Best of the Best"" hair designers."
Streets of London Salon,2,hair salon,1907 W Diversey Pkwy,60614,Lincoln Park,(773) 248-1114,http://www.streetsoflondonsalon.com,Lisa Jindu,owner,,,@streetsoflondonsalon,3,http://www.streetsoflondonsalon.com/stylists-overview,rosy,https://online.rosysalonsoftware.com/onlineBooking?id=7760,4.9,72,no,"Currently hiring (per website nav ""We Are Hiring"")."
7 AM Nail Care,,nails,1941 N Halsted St,60614,Lincoln Park,(312) 496-3183,,,,,,,,unverified,zenoti,https://7amnails.zenoti.com/webstoreNew/sales/membership/55cabe74-6974-4744-ba40-563b4a602a34,4.8,662,yes (6),"Founded 2021, grown to six locations citywide with a 700+ member program; Strong review base (662 Google reviews); Website listed on Yelp (7amnails.com) looks like a different business; removed"
707 Hair Studios,,hair salon,1820 N Wells St,60614,Lincoln Park,(312) 366-2102,http://707hairstudios.com,Patricia Munro,co-owner,,,,,unverified,unknown,http://707hairstudios.com,4.8,278,yes (2),"Owned by hairstylist couple Patricia & Eliot Munro; second (Sarasota, FL) location; high-end Gold Coast-style hairstyling in Lincoln Park; Co-owner: Eliot Munro"
A New Life Spa,,beauty and wellness,1144 W Diversey Pkwy,60614,Lincoln Park,(773) 880-0858,,,,,,,,unverified,unknown,https://www.yelp.com/biz/a-new-life-spa-chicago,4.8,25,no,
Adels Hair Sensation Salon II,,hair salon,445 W Diversey Pkwy,60614,Lincoln Park,(773) 477-2555,,,,,,,,unverified,unknown,https://www.yelp.com/biz/adels-hair-sensation-salon-ii-chicago,4.8,20,no,
Amazing Lash Studio,,lash and brow,1845 N Clybourn Ave,60614,Lincoln Park,(773) 248-5274,https://www.amazinglashstudio.com/studios/il/chicago/chicago-lincoln-park,,,,lincolnpark@amazinglashstudio.com,@amazinglashstudio,,unverified,unknown,https://www.amazinglashstudio.com/studios/il/chicago/chicago-lincoln-park?utm_medium=SoCi&utm_source=extnet,4.3,414,yes (150+),actively hiring (Careers page linked in site nav)
Anda Feet spa,,beauty and wellness,1713 N Clybourn Ave,60614,Lincoln Park,(312) 496-3983,,,,,,,,unverified,unknown,https://www.yelp.com/biz/anda-feet-spa-chicago,4.5,311,no,
Astrée Nails & Spa,,nails,930 W Diversey Pkwy,60614,Lincoln Park,(773) 698-8138,https://astreeinc.wixsite.com/astreenails1,,,,astreeinc@gmail.com,@astreenails,,unverified,square,https://book.squareup.com/appointments/91xiqm6yw5mjoq/location/LNF0Q9ERZRJ3M/services,,,no,
Be Polished Nail Spa,,nails,2539 N Sheffield Ave,60614,Lincoln Park,(773) 868-6477,http://www.chicagobepolished.com,,,,info@chicagobepolished.com,,,unverified,unknown,http://www.chicagobepolished.com,4.1,69,no,
Blowout Junkie,,hair salon,2340 N Lincoln Ave,60614,Lincoln Park,(312) 766-8916,https://www.blowoutjunkie.com,,,,,@blowoutjunkie,,unverified,mindbody,https://clients.mindbodyonline.com/classic/home?studioid=164489,4.1,58,yes (3),"Roster of 3 appears company-wide (yes (3)); per-location count unverified, source: https://www.blowoutjunkie.com/about/; Actively hiring; family-run (3 sisters) blow dry bar; team roster spans 3 locations (River North, West Loop, Lincoln Park), not address-specific"
Blueberry Moon,,hair salon,2108 N Halsted St,60614,Lincoln Park,(773) 529-3333,http://www.blueberrymoon.com,,,,jillian@blueberrymoon.com,@blueberrymoonsalon,,unverified,boulevard,http://www.blueberrymoon.com,,,no,
C'est La V,,hair salon,2459 N Clark St,60614,Lincoln Park,(773) 525-9111,,Vicky Christos,co-owner,,,,,unverified,unknown,https://www.yelp.com/biz/cest-la-v-chicago,5,17,no,family-owned since 1987 (sisters Vicky Christos & Vivian Patras; daughter Christie joined 2005)
Ciseaux,,hair salon,1123 W Webster Ave,60614,Lincoln Park,(708) 622-5972,https://www.ciseauxchicago.com,,,,cedricmeyer.ciseaux@gmail.com,,,unverified,acuity,https://app.acuityscheduling.com/schedule.php?owner=14302091,4.9,16,no,Acuity lists 1 calendars; not clearly per-person
Clean Your Dirty Face - Lincoln Park,,beauty and wellness,2318 N Lincoln Ave,60614,Lincoln Park,(773) 572-2155,https://www.cleanyourdirtyface.com/chicagolincolnpark,,,,info@cleanyourdirtyface.com,@cleanyourdirtyface,,unverified,unknown,https://www.cleanyourdirtyface.com/chicagolincolnpark,4.6,252,yes (35+),"A gift-card link suggests mindbody, but the Book button destination was not captured; Franchise facial spa chain, ranked #1 skincare company by Entrepreneur Magazine 2026; $35 first-facial promo."
Color Up Nail Spa,,nails,"1730 W Fullerton Ave, Ste 27",60614,Lincoln Park,(773) 296-6123,,,,,,,,unverified,unknown,https://www.yelp.com/biz/color-up-nail-spa-chicago-2,,,no,
Colorway Nail Salon,,nails,2061 N Clybourn Ave,60614,Lincoln Park,(872) 256-3911,https://colorwaynailsalon.com,,,,,@colorway.nailsalon.chi,,unverified,unknown,https://colorwaynailsalon.com,5,189,no,
Creative Mix Salon,,hair salon,747 W Diversey Pkwy,60614,Lincoln Park,(773) 549-2500,http://www.creativemixsalon.com,,,,info@creativemixsalon.com,,,unverified,mindbody,https://clients.mindbodyonline.com/classic/home?studioid=164535,4.8,43,no,rebranded from Salon Salome' to Creative Mix Salon in 2019; in business since 1999
Defined,,beauty and wellness,2623 N Clark St,60614,Lincoln Park,(312) 722-6977,,,,,,,,unverified,unknown,https://www.yelp.com/biz/defined-chicago,3.2,80,no,
Delicate Spa,,nails,2539 N Sheffield Ave,60614,Lincoln Park,(773) 935-7655,,,,,,,,unverified,unknown,https://www.yelp.com/biz/delicate-spa-chicago,4.1,69,no,
Derma Bliss,,beauty and wellness,2335 N Clark St,60614,Lincoln Park,(773) 666-5037,https://www.dermablissspa.com,,,,info@dermablissspa.com,@dermablissbeautyspa,,unverified,booker,https://go.booker.com/location/DermaBliss/,4.8,319,no,Website text cuts off just as it begins a 'Meet Our Team' section; no roster captured
Drybar - Lincoln Park,,hair salon,1611 North Sheffield,60614,Lincoln Park,(872) 264-5340,https://www.drybarshops.com/service/locator/detail/?slug=lincoln-park,,,,,,,unverified,unknown,https://www.drybarshops.com/service/locator/detail/?slug=lincoln-park,4.4,463,yes (count unknown),
Elase Medical Spa - Lincoln Park,,beauty and wellness,"1006 W Armitage Ave, Fl 2",60614,Lincoln Park,(312) 940-3844,https://elase.com/locations/lincoln-park,,,,,@elasemedspas,,unverified,zenoti,https://elase.zenoti.com/webstoreNew/user/signIn,4.9,104,yes (40+),"actively hiring (""Join Our Team"" career page)"
Eminere Hair Extensions & Salon,,hair salon,"2618 N Halsted St, Ste 106",60614,Lincoln Park,(312) 523-8270,http://www.eminerehair.com,,,,eminerehair@gmail.com,@eminerehairextensions,,unverified,vagaro,https://www.vagaro.com,4.9,73,no,
Equinox Lincoln Common,,beauty and wellness,2355 N Lincoln Ave,60614,Lincoln Park,(312) 796-6850,https://www.equinox.com/promotion/why-equinox-social?soccid=soc-yelp-acquisition-inmarket-evergreen-il-na-organic-na-search_biz-na,,,,,@equinox,,unverified,unknown,https://www.equinox.com/promotion/why-equinox-social?soccid=soc-yelp-acquisition-inmarket-evergreen-il-na-organic-na-search_biz-na,3.9,155,yes (count unknown),Hiring (per website)
Essential Nail Spa,,nails,2214 N Clark St,60614,Lincoln Park,(773) 549-2990,https://essential-nail-spa.square.site,,,,essential2214@gmail.com,,,unverified,square,https://essential-nail-spa.square.site/square.ico,4.8,101,no,
Essentially Pleasing You,,beauty and wellness,"2706 N Halsted St, Ste B",60614,Lincoln Park,(708) 808-6592,https://essentiallypleasingyou.as.me,,,,,,,unverified,acuity,https://app.acuityscheduling.com/schedule.php?owner=30574255,,,no,Acuity lists 3 calendars; not clearly per-person
Etoile Nail Bar,,nails,2141 N Elston Ave,60614,Bucktown,(312) 883-0342,https://etoilenailbar.com,,,,support@etoilenailbar.com,@_u,,unverified,unknown,https://etoilenailbar.com,4.9,102,no,
European Wax Center,,beauty and wellness,2725 North Clark St,60614,Lincoln Park,(872) 206-2396,https://locations.waxcenter.com/il/chicago/chicago-lincoln-park-1365.html,,,,,@europeanwax,,unverified,unknown,https://locations.waxcenter.com/il/chicago/chicago-lincoln-park-1365.html,4.9,504,yes (5),"Hiring (per website); Franchise chain; page names 4 other nearby Chicago EWC locations (Old Town, Southport Ave, Logan Square, Wicker Park) besides this Lincoln Park center; Strong review base (504 Google reviews)"
FACE FOUNDRIÉ - Chicago West Loop,,lash and brow,833 W Washington Blvd,60614,Lincoln Park,(312) 788-4437,https://facefoundrie.com/location/chicago-west-loop,,,,westloop.skinexpert@facefoundrie.com,@facefoundrie,,unverified,unknown,https://facefoundrie.com/location/chicago-west-loop/?utm_source=yelp&utm_medium=social&utm_campaign=book-now,4.8,207,yes (85+),"Opened 2024 (per Yelp); Site's own address for this location is 833 W. Washington Blvd, Chicago, IL 60607 (West Loop), not 60614 as packeted, possible territory mis-geocode; also actively hiring, $149 Hydrafacial promo through Sep 30"
Fit Foot,,beauty and wellness,1459 W Fullerton Ave,60614,Lincoln Park,(773) 525-4705,,,,,,,,unverified,unknown,https://www.yelp.com/biz/fit-foot-chicago,4,384,no,
Flamant Nail Boutique,,nails,2703 N Halsted St,60614,Lincoln Park,(773) 992-0030,https://www.flamantnailboutique.com,Alla Lee,owner,,flamantnailboutique@gmail.com,@flamantnailboutique,,unverified,square,https://squareup.com/appointments/book/ua623xr36irtxw/9DV0YJ168SQN5/services,4.9,241,yes (2),"Roster of 10 appears company-wide (yes (2)); per-location count unverified, source: https://www.flamantnailboutique.com/our-story#team; roster page not split by location (Chicago + Wilmette); second location in Wilmette"
Foot Smile Spa-Chicago,,beauty and wellness,1513 W Fullerton Ave,60614,Lincoln Park,(773) 666-5222,http://www.footsmilespa.com,,,,,,,unverified,unknown,http://www.footsmilespa.com,4.1,471,yes (2),"Yelp history: opened in Morton Grove, IL (2013), later expanded with this Chicago/Lincoln Park location"
Fullerton Nail Salon,,nails,1807 W Fullerton Ave,60614,Lincoln Park,(773) 269-8888,https://fullertonnailspa.com,,,,fullertonnailspa@gmail.com,@fullertonnailspa,,unverified,unknown,https://fullertonnailspa.com,4.8,304,no,
"Gameday Men's Health Lincoln Park, IL",,beauty and wellness,"2706 N Halsted Ave, Ste A",60614,Lincoln Park,(773) 242-8650,https://gamedaymenshealth.com/lincoln-park,,,,,@gameday_menshealth,,unverified,unknown,https://gamedaymenshealth.com/lincoln-park/,5,182,yes (400),
H2O House Head & Foot Care,,beauty and wellness,2360 N Clybourn Ave,60614,Lincoln Park,(773) 948-8000,https://www.h2ohousechicago.com,,,,househeadfootcare@gmail.com,,,unverified,acuity,https://app.acuityscheduling.com/catalog.php?owner=29061111&action=addCart&clear=1&id=2193008,4.8,966,no,Strong review base (966 Google reviews)
Hair Tech Salon,,hair salon,530 W Diversey Pkwy,60614,Lincoln Park,(773) 871-4455,,,,,,,,unverified,unknown,https://www.yelp.com/biz/hair-tech-salon-chicago,4.2,67,no,
Heyday - Lincoln Park,,beauty and wellness,1953 N Clybourn,60614,Lincoln Park,(708) 713-8338,https://www.heydayskincare.com,,,,,@heydayskincare,,unverified,unknown,https://www.heydayskincare.com,4.8,152,yes (35),"Hiring (per website); Part of the national Heyday chain (IG bio: ""15 states, 35 studios"")."
Innovative MedSpa - Lincoln Park,,beauty and wellness,"2418 N Ashland Ave, Ste 150",60614,Lincoln Park,(773) 420-8571,https://innovative-medspa.com,,,,,@innovativemedspachicago,,unverified,unknown,https://innovative-medspa.com,,,yes (2),"Roster of 3 appears company-wide (yes (2)); per-location count unverified, source: https://innovative-medspa.com/team; Roster spans 2 locations (Lincoln Park & River North). IG bio: ""Voted Best Botox in Chicago."""
Izabela's,,nails,444 W Fullerton,60614,Lincoln Park,(773) 244-1100,,,,,,,,unverified,unknown,https://www.yelp.com/biz/izabelas-chicago-2,4.9,32,no,
JJ Waxing,,lash and brow,1729 N Clybourn Ave,60614,Lincoln Park,(312) 951-7335,http://jjwaxing.com,,,,,,,unverified,vagaro,https://www.vagaro.com/googlemap/U2FsdGVkX18wcBGngQSglQMg4R~Rg2UZ1ZxzonH-Z9M=/services?rwg_token=AE37R_hGhPv-HRGz26GQDf67ntphTQxFG9mVVoXkelu7QAhbBNdU8HqsToyKEAiZHY7aNMHAnMfebqSSzz1Pdc9l0Ywxg_5Plw%3D%3D,4.6,65,no,
KA Studio,,nails,2651 N Clark,60614,Lincoln Park,(773) 299-5151,,,,,,,,unverified,unknown,https://www.yelp.com/biz/ka-studio-chicago,,,no,
KeKe's Nail Salon,,nails,1917B W Fullerton Ave,60614,Lincoln Park,(773) 269-3166,,,,,,,,unverified,unknown,https://www.yelp.com/biz/kekes-nail-salon-chicago,4.1,144,no,
KidSnips,,hair salon,1953 N Clybourn Ave,60614,Lincoln Park,(773) 935-9999,http://www.kidsnips.com/chicagos-lincoln-park,,,,,@kidsnips,,unverified,mindbody,https://go.mindbodyonline.com/book/widgets/appointments/view/2d288248d09/services,4.5,511,yes (7),One of 7 Chicagoland KidSnips locations; actively hiring stylists ($750 signing bonus); Strong review base (511 Google reviews)
"Kohler Waters Spa at Lincoln Park, Chicago",,nails,2358 North Lincoln Ave,60614,Lincoln Park,(312) 245-9129,http://www.kohlerwatersspalincolnpark.com,,,,,@kohlerwatersspa,,unverified,unknown,http://www.kohlerwatersspalincolnpark.com,4.4,265,yes (5),"Part of the Kohler Waters Spa chain (Kohler WI, Lincoln Park, Burr Ridge, Green Bay, Scotland); 20,000 sq ft flagship with 21 treatment rooms and hydrotherapy circuit."
Lara Simone Salon,,nails,2349 N Southport Ave,60614,Lincoln Park,(773) 935-6334,,,,,,,,unverified,unknown,https://www.yelp.com/biz/lara-simone-salon-chicago,5,6,no,
LeCreme Skin Care Boutique,,beauty and wellness,2457 N Halsted St,60614,Lincoln Park,(773) 327-7051,,,,,,,,unverified,unknown,https://www.yelp.com/biz/lecreme-skin-care-boutique-chicago-2,,,no,Website listed on Yelp (leahchavie.com) looks like a different business; removed
London Nails,,nails,2523 N Lincoln Ave,60614,Lincoln Park,(773) 904-7091,,,,,,,,unverified,unknown,https://www.yelp.com/biz/london-nails-chicago,,,no,
Massage Envy,,beauty and wellness,"1845 N Clybourn Ave, Ste H",60614,DePaul,(773) 904-1100,https://locations.massageenvy.com/illinois/chicago/1845-north-clybourn-ave.html,,,,,@massageenvy,,unverified,unknown,https://locations.massageenvy.com/illinois/chicago/1845-north-clybourn-ave.html,4,99,yes (1000),actively hiring
Massage Envy - Chicago Lincoln Park Diversey,,beauty and wellness,668 W Diversey Pkwy,60614,Lincoln Park,(773) 747-3000,https://locations.massageenvy.com/illinois/chicago/668-w-diversey-pkwy.html,,,,,,,unverified,unknown,https://locations.massageenvy.com/illinois/chicago/668-w-diversey-pkwy.html?&utm_source=yelp&utm_medium=listing&utm_campaign=website,4.4,121,yes (1000),
Massage House,,beauty and wellness,2405 N Clybourn Ave,60614,Lincoln Park,(773) 472-8888,http://www.massagehouse.info,,,,,,,unverified,unknown,http://www.massagehouse.info,4.3,452,no,
Melissa Gonz Studio,,lash and brow,1859 W Diversey Pkwy,60614,Lincoln Park,(773) 936-1113,,,,,,,,unverified,unknown,https://www.yelp.com/biz/melissa-gonz-studio-chicago,,,no,
Michelles Nails,,nails,1625 N Clybourn Ave,60614,Lincoln Park,(773) 429-1762,,,,,,,,unverified,fresha,https://www.fresha.com/book-now/mishelles-nail-spa-y5htj2y3/all-offer?id=2944222&pId=2846250&rwg_token=AE37R_ggtpNOAHirQiZWfGwU1ol36O-NzNlMolpF81QCQ-IW2EOsBE2BbX4K4WgB8cour6sqFdJEqs9sXA9FnUWHG9xTR-gn4Q%3D%3D,4.7,54,no,"Existing Fresha user, payments-attach conversation?; Google booking link points to a live Fresha booking page (mishelles-nail-spa), existing Fresha user."
Midcity Nails,,nails,1351 W Fullerton Ave,60614,Lincoln Park,(773) 529-8662,https://midcitynailschicago.com,,,,midcitynails@gmail.com,@midcitynails,,unverified,unknown,https://midcitynailschicago.com,4.3,268,no,
My Spa,,beauty and wellness,"1712 N Halsted St, Ste 1",60614,Lincoln Park,(312) 900-9988,http://www.myspa-chicago.com,,,,myspachicago@gmail.com,,,unverified,acuity,http://www.myspa-chicago.com,4.9,128,no,First-anniversary specials; Japanese-inspired scalp/hair spa concept.
Nabi Nails & Spa,,nails,1901 W Diversey Pkwy,60614,Lincoln Park,(773) 360-8330,,,,,,,,unverified,unknown,https://www.yelp.com/biz/nabi-nails-and-spa-chicago,4.9,68,no,
Nail Envy,,nails,2506 N Lincoln Ave,60614,Lincoln Park,(773) 244-3797,http://nailenvylincolnpark.com,,,,,@nailenvylincolnpark,,unverified,unknown,http://nailenvylincolnpark.com,4.2,138,no,"actively hiring (""Join the Team"" page: ""We're Hiring!"")"
Nail Fairy & Spa,,nails,1249 W Fullerton Ave,60614,Lincoln Park,(773) 883-3040,http://nailfairychicago.com,,,,,,,unverified,unknown,http://nailfairychicago.com,4.2,55,no,
Nail.com,,nails,"1700 W Diversey Pkwy, Ste 1A",60614,Lincoln Park,(773) 360-1742,https://www.1700nail.com,,,,enailchicago@gmail.com,,,unverified,booksy,https://booksy.com/en-us/361299_nail-com_nail-salon_18229_chicago,4.5,43,no,
Nails Boutique,,nails,612 W Webster Ave,60614,Lincoln Park,(773) 666-5400,http://www.nailsboutique612.net,,,,,@nailsboutique612,,unverified,none,http://www.nailsboutique612.net,4.6,45,no,"Owned by Bozena (18+ years in the nail industry); walk-ins accepted, appointments recommended."
OVME,,beauty and wellness,"1945 N Halsted St, Ste 101",60614,Lincoln Park,(872) 245-6863,https://ovme.com/pages/lincoln-park-chicago-il,,,,,@ovmeofficial,,unverified,zenoti,https://ovme.zenoti.com/webstoreNew/user/signin,4.8,231,yes (9+),"reviews repeatedly praise specific named injectors/estheticians (Ella, GiGi, Haley, Anna); actively hiring"
Oasis Face Bar- Lincoln Park,,beauty and wellness,2136 N Halsted St,60614,Lincoln Park,(773) 697-9624,https://www.oasisfacebar.com/find,,,,,,,unverified,zenoti,https://oasisfacebar.zenoti.com/temp_data/tempassetstore/b6beaac6-3891-46fe-9c5d-781c1e6def68/customassetupload/a7139578-5af1-40aa-a1c4-1af38a21ab79.png,5,346,no,actively hiring (per website)
Old Town MedSpa - Lincoln Park,,beauty and wellness,"2266 N Lincoln Ave, Unit 2",60614,Lincoln Park,(312) 882-0700,http://oldtownmedspa.com,Nael Gharbi,co-owner,,info@oldtownmedspa.com,@oldtownmedspa,,unverified,unknown,http://oldtownmedspa.com,4.9,467,yes (3),"Roster of 5 appears company-wide (yes (3)); per-location count unverified, source: http://oldtownmedspa.com/about-us/meet-the-team/; Roster spans 3 locations (River North, Lincoln Park, Bucktown). Co-owned/co-founded by Drs. Nael and Shazel Gharbi (""MD Brothers"")."
P S Nails,,nails,2556 1/2 N Clark St,60614,Lincoln Park,(773) 388-9802,https://psnailschicago.com,,,,,,,unverified,unknown,https://psnailschicago.com,4.2,98,no,
Pearl's Nails,,nails,2676 N Halsted St,60614,Lincoln Park,(773) 348-0552,http://www.pearlsnails.com,,,,lincolnparkchicago@pearlsnails.com,@pearlsnailschicago,,unverified,unknown,http://www.pearlsnails.com,4.3,178,no,
Polish & Nail,,nails,920 W Diversey Pkwy,60614,Lincoln Park,(773) 388-9510,,,,,,,,unverified,unknown,https://www.yelp.com/biz/polish-and-nail-chicago-2,4.6,61,no,
Pure Serenity Spa,,beauty and wellness,1136 W Armitage Ave,60614,Lincoln Park,(312) 626-5255,,,,,,,,unverified,unknown,https://www.yelp.com/biz/pure-serenity-spa-chicago,4.5,407,no,Website listed on Yelp (angelhanjie.wixsite.com) looks like a different business; removed
Pure Serenity Spa,,beauty and wellness,"2000 N Clifton Ave, Unit A",60614,Lincoln Park,(872) 361-1808,https://www.pureserenityspa.shop,,,,,,,unverified,unknown,https://www.pureserenityspa.shop,,,no,
RamiCami Beauty,,hair salon,2337 North Clark St,60614,Lincoln Park,(773) 248-9096,,,,,,,,unverified,unknown,https://www.yelp.com/biz/ramicami-beauty-chicago,5,117,no,
Rejuven8 SPA,,beauty and wellness,2262 North Clark St,60614,Lincoln Park,(312) 287-6999,https://www.rejuven8chicago.com,,,,,@rejuven8spachicago,,unverified,setmore,http://rejuven8spa.setmore.com,5,9,no,Opened 2025 (per Yelp)
Relax Body Balance,,beauty and wellness,806 West Armitage,60614,Lincoln Park,(312) 478-3492,,,,,,,,unverified,unknown,https://www.yelp.com/biz/relax-body-balance-chicago-2,,,no,no website/social/team evidence in source; only a Yelp owner initial ('Tracy M.') available
Relax Feet,,beauty and wellness,2352 N Clybourn Ave,60614,Lincoln Park,(773) 525-2828,http://www.relaxfeetchicago.com,,,,,,,unverified,unknown,http://www.relaxfeetchicago.com,4.5,495,no,"team/about page on the website is an empty 'coming soon' placeholder, no roster available"
Relax Spa,,beauty and wellness,2714 N Ashland Ave,60614,Lincoln Park,(773) 666-5896,,,,,,,,unverified,unknown,https://www.yelp.com/biz/relax-spa-chicago,,,no,
Resonance Massage and Bodywork,,beauty and wellness,547 W Diversey Pkwy,60614,Lincoln Park,(773) 248-4782,,,,,,,,unverified,unknown,https://www.yelp.com/biz/resonance-massage-and-bodywork-chicago,,,no,
Reverie Nails,,nails,2204 N Clybourn Ave,60614,Lincoln Park,(773) 697-7582,http://www.reverienails.com,,,,,,,unverified,booksy,https://booksy.com/en-us/rwg/487589_?variantId=14866292&date=2026-09-04T12:30,4.8,256,no,family-owned business; customer reviews name nail tech Kim
Rosa Milano Nail Spa,,nails,1454 W Fullerton Ave,60614,Lincoln Park,(773) 348-8669,https://rosamilanonailspachicago.com,,,,,@rosamilanonailspa,,unverified,unknown,https://rosamilanonailspachicago.com,3.6,14,no,
SEV Laser,,beauty and wellness,2320 N Lincoln Ave,60614,Lincoln Park,(773) 819-7088,https://sevlaser.com/chicago,,,,,@sevlaseraesthetics,,unverified,zenoti,https://sevlaser.zenoti.com/webstoreNew/services/78ea5b2a-ddf6-4ae6-8390-e933fefeeaf3,4.6,329,yes (70+),hiring
Salon 9nb,,hair salon,2151 N Sheffield Ave,60614,Lincoln Park,(773) 327-2151,,,,,,,,unverified,unknown,https://www.yelp.com/biz/salon-9nb-chicago,,,no,
Salon Edda,,hair salon,2212 N Lincoln Ave,60614,Lincoln Park,(773) 477-2500,https://salonedda.com,Edda Coscioni,owner,,saloneddateam@gmail.com,@salonedda,,unverified,meevo,https://login.meevo.com/salonedda/ob?locationId=102635,4.9,196,no,"Roster of 6 appears company-wide (no); per-location count unverified, source: https://salonedda.com/about/; Owner Edda Coscioni is a National Award-Winning stylist, selected for Team USA 2021"
Salon Envy,,hair salon,2658 N Halsted St,60614,Lincoln Park,(773) 880-5033,http://salonenvychicago.com,,,,,@salonenvychicago,,unverified,meevo,https://na0.meevo.com/OnlineBookingApp/login?tenantId=102527&locationID=105334,4.7,211,no,"Actively hiring; salon markets itself as ""Best Hair Salon in Chicago"" and ""Best Brazilian Wax in Chicago."""
Salon Moka,,hair salon,2631 N Halsted St,60614,Lincoln Park,(773) 980-6652,,,,,,,,unverified,unknown,https://www.yelp.com/biz/salon-moka-chicago-2,4.2,5,no,
Salon NB,,nails,2504 N Clark,60614,Lincoln Park,(773) 236-1629,http://www.salonnb.com,,,,,,,unverified,square,https://squareup.com/appointments/book/yhi5b123ack0u1/JN7FJH0WWK47B/start,4.3,119,no,Yelp notes women-owned business (est. 2019).
Sassylash Brow and Lash Boutique,,lash and brow,2337 N Clark St,60614,Lincoln Park,(773) 799-8389,https://sassylash-brow-and-lash-boutique-inc.square.site,,,,,,,unverified,square,https://sassylash-brow-and-lash-boutique-inc.square.site/square.ico,4.9,124,no,"Google Business Profile booking link routes to Fresha (existing Fresha user) despite the website's own widget running on Square; general_email looks like an unconfigured Square template default ('hi@mystore.com'), verify before use"
Smooth Nail Lounge,,nails,2122 N Halsted St,60614,Lincoln Park,(872) 814-4460,https://smoothnaillounge.com,,,,support@smoothnaillounge.com,@smoothnaillounge,,unverified,vagaro,https://www.vagaro.com/us04/smoothnaillounge/book-now,,,no,
Spa Spazio Nail Salon,,nails,2009 N Fremont St,60614,Lincoln Park,(773) 248-8141,http://www.spaspazio.com,,,,info@spaspazio.com,,,unverified,square,https://squareup.com/appointments/book/8885e1b8-79de-42bd-a31d-d4ee8153b6e8/25HDH8MJRC4Y1/services,3.6,88,no,Reviews highlight owner Mishelle's nail work and the salon's cleanliness; established 2013.
SpaDerma,,beauty and wellness,2001 N Clybourn Ave,60614,Lincoln Park,(773) 529-5277,https://spaderma.com/pages/locations/lincoln-park,,,,info@spaderma.com,@spaderma_medspa,,unverified,unknown,https://spaderma.com/pages/locations/lincoln-park,4.9,911,yes (5),"Roster of 75 appears company-wide (yes (5)); per-location count unverified, source: https://spaderma.com/pages/about-us; hiring (careers page); 5-location medspa group, 20+ years, 3M+ treatments performed; Strong review base (911 Google reviews)"
Sugaring NYC - Lincoln Park,,beauty and wellness,1971 North Halsted St,60614,Lincoln Park,(773) 558-2025,https://www.sugaringnyc.com/locations/sugaring-lincoln-park,,,,,@sugaringnyc,,unverified,zenoti,https://sugaring.zenoti.com/webstoreNew/user/signIn,4.8,324,no,"Hiring (per website); family-owned business, opened 2020"
TINT Salon & Spa,,hair salon,2448 N Southport Ave,60614,Lincoln Park,(773) 472-4323,http://www.tintsalonspa.com,,,,,,,unverified,unknown,http://www.tintsalonspa.com,4.7,39,no,
Taglia Di Capelli Salon,,hair salon,1804 N Halsted St,60614,Lincoln Park,(312) 664-1004,,,,,,,,unverified,unknown,https://www.yelp.com/biz/taglia-di-capelli-salon-and-boutique-chicago-2,,,no,
Teez'd Hair Salon,,hair salon,2504 N Racine Ave,60614,Lincoln Park,(773) 528-8994,http://www.teezdhair.com,,,,teezdsalon@yahoo.com,,,unverified,phorest,http://www.teezdhair.com/,,,no,"Yelp specialties references stylist Instagram handles ""hairbymeggriffin"" and ""hairbyhaley32"" beyond owner Danielle - suggests a team of ~3, unconfirmed."
Thai Blossom Traditional Thai Massage,,beauty and wellness,1936 N Clark St,60614,Lincoln Park,(312) 566-8424,https://thaiblossomchicago.com,,,,,,,unverified,unknown,https://thaiblossomchicago.com,4.9,102,no,
The Fitz Aesthetic Club,,beauty and wellness,1656 N Wells St,60614,Lincoln Park,(312) 643-1333,http://www.thefitzmed.com,Suzie Carroll,co-owner,,,@thefitz,,unverified,boulevard,https://www.joinblvd.com/b/the-fitz/widget#/locations,4.8,237,yes (2),"Roster of 14 appears company-wide (yes (2)); per-location count unverified, source: http://www.thefitzmed.com/pages/about; roster spans 2 locations (this Wells St address + a North Shore/Kenilworth location) -- the team page does not split staff by site, so this count may include North Shore-only staff; a separate testimonial/transformations section on the site names an additional provider (Mai McKeon, Aesthetic NP) not present on the official team roster, suggesting possible staff churn -- verify headcount before use; Co-owner: Michelle Shetty"
The L Beauty Spot and Dry Bar Hair Salon,,hair salon,"932 W Diversey Pkwy, Fl 1",60614,Lincoln Park,(773) 825-5054,,,,,,,,unverified,vagaro,https://www.vagaro.com/thelbeautyspotanddrybar,5,65,no,
The Mint Room Thai Massage & Therapeutic Table Massage,,beauty and wellness,2732 N Clark St,60614,Lincoln Park,(773) 719-9193,,,,,,,,unverified,unknown,https://www.yelp.com/biz/the-mint-room-thai-massage-and-therapeutic-table-massage-chicago,4.9,37,no,
The NOW Massage Lincoln Park,,beauty and wellness,2038 N Halsted St,60614,Lincoln Park,(773) 614-7971,,,,,,,,unverified,unknown,https://www.yelp.com/biz/the-now-massage-lincoln-park-chicago-4,4.8,441,yes (90+),actively hiring; Website listed on Yelp (thenowmassage.com) looks like a different business; removed
The Nail House,,nails,"1611 N Clybourn Ave, Fl 2",60614,Lincoln Park,(773) 600-4202,,,,,,,,unverified,unknown,https://www.yelp.com/biz/the-nail-house-chicago-4,3.9,47,no,
The One Spa,,beauty and wellness,2358 N Clybourn Ave,60614,Lincoln Park,(773) 779-1111,http://www.THEONESPA-CHICAGO.COM,,,,chicagotheone1@gmail.com,,,unverified,acuity,https://blueprintcatalogen.as.me/,,,no,
Third Coast Reflexology,,beauty and wellness,"561 W Diversey Pkwy, Ste 212",60614,Lincoln Park,(312) 545-8699,http://www.thirdcoastreflexology.com,,,,,,,unverified,unknown,http://www.thirdcoastreflexology.com,5,3,no,
Threading Point Luxe,,lash and brow,1532 W Fullerton Ave,60614,Lincoln Park,(773) 799-8573,https://threadingpointsalon.wixsite.com/1532/1532,Ayesha Sultana,owner,,threadingpointsalon@gmail.com,@threadingpointsalon,,unverified,booksy,https://booksy.com/en-us/rwg/216371_?variantId=17970002&date=2026-09-04T10:00,4.4,213,no,"only the owner's name is confirmed on site; no additional staff roster found, possibly solo but unconfirmed"
Threading Waxing & Spa,,lash and brow,440 W Diversey Pkwy,60614,Lincoln Park,(773) 661-9995,,,,,,,,unverified,unknown,https://www.yelp.com/biz/threading-waxing-and-spa-chicago-3,,,no,
Timeless Med Spa,,beauty and wellness,2623 N Halsted St,60614,Lincoln Park,(248) 840-7853,,,,,,,,unverified,booksy,https://booksy.com/en-us/s/skin-care/18245_glenview?businessesPage=22,,,no,
Tony’Z Massage Therapy,,beauty and wellness,"2706 N Halsted St, Ste B",60614,Lincoln Park,(224) 456-0126,,,,,,,,unverified,unknown,https://www.yelp.com/biz/tony-z-massage-therapy-chicago,4.9,44,no,
Trianon Salon,,hair salon,651 W Armitage Ave,60614,Lincoln Park,(312) 951-8401,https://www.trianonsalon.com,Pam Orfanos,co-owner,,,@trianonsalon,,unverified,zenoti,https://trianonsalon.zenoti.com/webstoreNew/services/2099462e-ebdb-40da-8259-d52ef0377040,4.8,238,no,Hiring (per website); Co-owner: Tara James
Trim,,lash and brow,2503 N Lincoln Ave,60614,Lincoln Park,(773) 525-8746,https://www.trimwax.com,,,,,@trimwax,,unverified,vagaro,https://www.vagaro.com/us04/trimlincolnpark,4.8,114,yes (2),"Voted 'Best Custom Waxing' 2011 by Chicago Magazine; late-night, BYOB waxing salon."
Trixie Girl Blow Dry Bar - Lincoln Park,,hair salon,837 W Diversey Pkwy,60614,Lincoln Park,(773) 698-8499,http://www.trixiegirlblowdrybar.com,,,,,@trixiegirlblowdrybar,,unverified,booker,https://go.booker.com/location/trixiegirlsalon/buy,,,yes (3),
Wellness Foot Spa,,beauty and wellness,1713 N Clybourn Ave,60614,Lincoln Park,(773) 828-1333,http://www.wellnessfootspachicago.com,,,,,,,unverified,unknown,http://www.wellnessfootspachicago.com,4.5,311,no,
Wellness Nail Spa,,nails,1358 W Webster Ave,60614,Lincoln Park,(773) 935-1010,,,,,,,,unverified,unknown,https://www.yelp.com/biz/wellness-nail-spa-chicago-2,,,no,
Zara Salon,,lash and brow,"559 W Diversey Pkwy, Fl 1st",60614,Lincoln Park,(773) 799-8874,,,,,,,,unverified,unknown,https://www.yelp.com/biz/zara-salon-chicago,4.4,92,no,
Zenails,,nails,2258 N Lincoln Ave,60614,Lincoln Park,(773) 529-9659,,,,,,,,unverified,unknown,https://www.yelp.com/biz/zenails-chicago,4.9,194,no,
Zindaa Nail,,nails,537 W Diversey Pkwy,60614,Lincoln Park,(773) 697-3647,,,,,,,,unverified,fresha,https://www.fresha.com/book-now/zindaa-nails-salon-v7roerpb/all-offer?pId=805523,4.3,99,no,"Existing Fresha user, payments-attach conversation?"
iBeauty Clinic,,beauty and wellness,3718 N Ashland Ave,60614,Lincoln Park,(312) 888-6924,http://www.ibeautyclinic.net,Neema Bayran,owner,,,@ibeautyclinic,,unverified,booker,https://go.booker.com/location/ibeautyclinic/service-menu,4.3,96,no,"Physician-led med spa (Dr. Neema Bayran); Yelp names staff (Esthetician Gity, Assistant Manager/Esthetician Arzeo) but this is outside the sanctioned roster-evidence set (booking/team/website/IG), and team pages 404'd, so left unverified."
Epoch Studio Salon - Chicago,1,hair salon,1849 W N Ave,60622,Wicker Park / Ukrainian Village,(312) 224-1700,https://epochchicago.com,,,,,@epochchicago,14,https://epochchicago.com/the-team,unknown,https://epochchicago.com,4.9,475,no,"Actively hiring; certified Green Salon (1251 lbs diverted 2025); team-page text was scraped with formatting noise, headcount is best-effort"
Bang! Salon,1,hair salon,1259 N Milwaukee Ave,60622,Wicker Park / Ukrainian Village,(773) 276-9414,http://www.bangsalonchicago.com,Eli Mancha,owner,,bangsalonchicago1@gmail.com,@Bangsalonchicago,11,https://www.bangsalonchicago.com/about/,boulevard,http://www.bangsalonchicago.com,4.9,493,no,Hiring (per website); Owner voted Best Hairstylist in Chicago 2024; 3x Best Salon nominee (Chicago Reader) 2023-2025; Wicker Park Bucktown Legacy Award.
Fringe,1,hair salon,1656 W Cortland St,60622,Wicker Park / Ukrainian Village,(773) 862-1000,http://www.fringechicago.com,,,,,@fringechicago,11,http://www.fringechicago.com,phorest,https://phorest.com/book/salons/fringe,,,no,"moved from Wicker Park (est. 2002) to Bucktown in Jan 2026; named 'Best Salon in Chicago' by Allure per IG bio; currently hiring (site nav includes 'Now Hiring', website_hiring true); Yelp owner display name 'Dawn B.' matches team-list first name 'Dawn' but no full last name found; team list is first-names-only -- 'Alexis Austin' may be one two-part name rather than two separate people, count could be 10 instead of 11"
Meraki Room,1,hair salon,935 N Damen Ave,60622,Wicker Park / Ukrainian Village,(773) 687-8107,http://www.merakiroomchicago.com,Diana Monteleone,co-owner,,hello@merakiroomchicago.com,@merakiroomchicago,9,http://www.merakiroomchicago.com/team,phorest,http://www.merakiroomchicago.com,4.9,198,no,"Davines-exclusive salon, est. 2017; actively hiring. Team page text was garbled in scraping - one name (Claire Callahan) had an unclear role and was excluded from the count out of caution."
Chicago Avenue Salon,1,hair salon,1941 W Chicago Ave,60622,Wicker Park / Ukrainian Village,(312) 421-0336,http://www.chicagoavenuesalon.com,,,,info@chicagoavenuesalon.com,@chicagoavenuesalon,7,http://www.chicagoavenuesalon.com/our-team,meevo,https://na0.meevo.com/FiveStarRatingApp/five-star-rating?t=102151&l=104656,,,no,"Actively hiring (WE'RE HIRING nav); certified sustainable salon, founded 2005."
Nomobo Salon,1,hair salon,1425 N Ashland Ave,60622,Wicker Park / Ukrainian Village,(773) 698-8401,http://www.nomobosalon.com,,,,,@nomobosalon,7,https://www.nomobosalon.com/meet-us/,unknown,http://www.nomobosalon.com,4.9,62,no,Stylists appear to book independently (one uses mindbody); no shared salon booking tool confirmed
Oko Salon,1,hair salon,1107 N California Ave,60622,Wicker Park / Ukrainian Village,(773) 939-1665,https://www.okosalon.com,Ania Lisikiewicz,co-owner,,,@okosalon,7,https://www.okosalon.com/team,unknown,https://www.okosalon.com,4.9,131,no,"A gift-card link suggests square, but the Book button destination was not captured; Currently hiring (per website 'Join our Team' page); Co-owner: Brad Hough"
Enfuse Medical Spa,1,beauty and wellness,1645 W North Ave,60622,Wicker Park / Ukrainian Village,(773) 904-8310,https://www.enfusemedspas.com,Bernard Gran,owner,,,@enfusemedicalspa,6,https://www.enfusemedspas.com/medical-spa-practice-chicago/team-members/,aesthetic record,https://enfusemedicalspaandhairrestoration.myaestheticrecord.com/online-booking/book-appointment,4.7,175,no,
The Circle Salon,1,hair salon,2135 W Division St,60622,Wicker Park / Ukrainian Village,(773) 715-1026,http://thecirclesalon.com,,,,contactus@thecirclesalon.com,@thecirclesalon,6,http://thecirclesalon.com/about,boulevard,http://thecirclesalon.com,5,170,no,Actively hiring (JOIN OUR TEAM); past Elle Magazine Top 100 Salons recognition
Beautify CHI Medspa,2,beauty and wellness,"830 N Ashland Ave, Ste 1S",60622,Wicker Park / Ukrainian Village,(312) 796-3949,http://www.beautifychi.com,,,,info@beautifychi.com,@beautify_chi_medspa,4,http://www.beautifychi.com/our-team,meevo,https://na2.meevo.com/customerportal/advanced/ob?tenantId=502112,5,124,no,"Reopened under new ownership in 2023 with expanded services (Morpheus8, TruSculpt, TruFlex). The Medical Director's title reads administratively but the bio describes him as clinically active in aesthetics - counted with medium confidence."
H Med Spa,2,beauty and wellness,"1755 W North Ave, Ste 103",60622,Wicker Park / Ukrainian Village,(773) 697-8316,http://www.hmedicalspa.com,,,,1755chi@hmedicalspa.com,@hmedspa_chicago,4,http://www.hmedicalspa.com/about-us,unknown,http://www.hmedicalspa.com,4.9,74,no,Reviews consistently praise natural-looking Botox results and the HydraFacial treatment.
Sogna di Vita,2,hair salon,914 N Damen Ave,60622,Wicker Park / Ukrainian Village,(872) 206-8180,https://www.sognadivitasalon.com,Crystal Trower,owner,,hello@sognadivitasalon.com,@sognadivitasalon,3,https://www.sognadivitasalon.com/dream-team,vagaro,https://www.vagaro.com/Users/BusinessWidget.aspx?enc=MMLjhIwJMcwFQhXLL7ifVMGw7Vg/JBbsQNdp1RgtYdUquAGESdeQxngqIyqjwk1MKdE5XvYK8i/FFM3vWhmmrsbOmJBNNItXc5G1BOwCGrtTt1j9P6QPpUemlNMCPcRzOlad6dt0w5ajtfFbsTAcDZ1aVlfzCbqFO24qmhdDU4uzc59lIG1P0fb8p0+yeMSyfM6HIwA1sQexLrxm1AH7lk9oz2RVbl/WIR8KQgZT/or0U80YB3Iwtx/BfSDbiQu8akk9CwiMMn5k6bsxcTzSGIjOUK5g2gKznlM414qlR2r4Z6XdobLrLeBZJJCAuum0UwJ8GfIoBWn+2jAVQ86RHA==&c_type=tab,,,no,Actively hiring.
17 Nails,,nails,2648 W Division St,60622,Wicker Park / Ukrainian Village,(773) 666-5100,,,,,,,,unverified,unknown,https://www.yelp.com/biz/17-nails-chicago-2,3,50,no,
3 In 1 Nails and Spa,,nails,"1624 W Division St, Ste D",60622,Wicker Park / Ukrainian Village,(773) 661-1781,,,,,,,,unverified,booksy,https://booksy.com/en-us/rwg/799798_3-in-1-nails-spa_nail-salon_18229_chicago?rwg_token=AE37R_iRrMsxBQ1Ybze8EuF76YN1nVb5STOiVStv4AYSubdlyNnwn-SN-h7ZhtIrrVOWoBOCvetRnvss7g1tCKnBQ2LzdOmjhg%3D%3D,4.2,157,no,
3 Sinks,,hair salon,"2204 West Chicago Ave, Ste 1",60622,Wicker Park / Ukrainian Village,(872) 808-2196,,,,,,,,unverified,unknown,https://www.yelp.com/biz/3-sinks-chicago,,,no,
Aligned Wax & Skin Experts,,beauty and wellness,929 N Damen Ave,60622,Wicker Park / Ukrainian Village,(331) 803-1077,,,,,,,,unverified,unknown,https://www.yelp.com/biz/aligned-wax-and-skin-experts-chicago-2,5,6,no,
Amoura Beauty,,lash and brow,1723 West North Ave,60622,Wicker Park / Ukrainian Village,(971) 243-2573,,,,,,,,unverified,unknown,https://www.yelp.com/biz/amoura-beauty-chicago,,,no,
Art + Science,,hair salon,1554 N Milwaukee Ave,60622,Wicker Park / Ukrainian Village,(773) 227-4247,http://artandsciencesalon.com,Paul Wilson,owner,,artsciencelogan@gmail.com,@artandsciencesalon,,unverified,unknown,http://artandsciencesalon.com/,4.9,34,yes (3),"Roster of 5 appears company-wide (yes (3)); per-location count unverified, source: https://artandsciencesalon.com/about/; Currently hiring (per website); team roster spans 3 locations (West Loop, Evanston, Logan Square), not confirmed specific to this address."
Art PM,,lash and brow,833 N Western Ave,60622,Wicker Park / Ukrainian Village,(773) 577-3963,,,,,,,,unverified,fresha,https://www.fresha.com/book-now/art-pm-v43a4drj/all-offer?id=243770&pId=227727&rwg_token=AE37R_gGeTRPlNfU8tN60yYkh8MH5r8QyJPCmiWGx0PAUpX0HumaVdKtKRkzzr0mrFJq8IC36VHAR4KoKsskUpeT84cqJW2GCg%3D%3D,4.8,87,no,"Existing Fresha user, payments-attach conversation?; Existing Fresha user, Google booking link routes to fresha.com"
Ashland Spa,,beauty and wellness,1635 N Ashland Ave,60622,Wicker Park / Ukrainian Village,(773) 340-9999,,,,,,,,unverified,unknown,https://www.yelp.com/biz/ashland-spa-chicago,4.5,40,no,
Baci Hair & Nail Salon,,hair salon,947 N Ashland Ave,60622,Wicker Park / Ukrainian Village,(773) 227-6399,http://www.bacihairandnailsalon.com,,,,bacihairandnailsalon@gmail.com,@BaciHairAndNailSalon,,unverified,unknown,http://www.bacihairandnailsalon.com,4.6,352,yes (2),Expanded to a second location (Oak Park); serving Ukrainian Village/Wicker Park + Oak Park for 12+ years.
Bare Glow Spa,,beauty and wellness,"1200 N Ashland Ave, Ste 206B, Buzzer 206",60622,Wicker Park / Ukrainian Village,(773) 234-6351,http://www.bareglowspa.com,,,,bareglowspa@gmail.com,,,unverified,unknown,http://www.bareglowspa.com,4.9,36,no,
Beyoutiful Body Intentions,,beauty and wellness,1905 W Division St,60622,Wicker Park / Ukrainian Village,(872) 227-6013,,,,,,,,unverified,unknown,https://www.yelp.com/biz/beyoutiful-body-intentions-chicago,,,no,
Brazilian Waxing,,lash and brow,"1200 N Ashland Ave, Ste 401A",60622,Wicker Park / Ukrainian Village,(773) 250-6929,https://www.brazilianwaxingco.com,,,,brazwaxingco@gmail.com,@brazilianwaxingco,,unverified,square,https://squareup.com/appointments/book/F5W7ZM497RGSW/brazilian-waxing-co-chicago-il,,,no,
Brows Threading,,lash and brow,1341 N Ashland Ave,60622,Wicker Park / Ukrainian Village,(312) 363-3854,http://www.browsthreading.biz,Sunny Patel,co-owner,,browsthreading@outlook.com,,,unverified,none,http://www.browsthreading.biz,5,41,yes (3),Opened 2026 (per Yelp); New third location (Wicker Park) just opened; other locations date to 2012.
Casanova Salon,,hair salon,1708 W Chicago Ave,60622,Wicker Park / Ukrainian Village,(872) 802-4591,http://www.casanovasalon.com,,,,,,,unverified,unknown,http://www.casanovasalon.com,4.9,133,no,
Celebrity Lashes,,lash and brow,1523 N Western Ave,60622,Wicker Park / Ukrainian Village,(312) 259-0390,https://celebritylashe.com,Valentyna Parashchak,owner,,,@celebritylashes_chicago,,unverified,fresha,https://www.fresha.com/a/celebrity-lashes-beauty-bar-chicago-1523-north-western-avenue-hcat42px/booking?pId=323349&cartId=2b26628b-4ba0-45f1-b913-cbb44666e1c5,4.9,215,yes (2),"Roster of 11 appears company-wide (yes (2)); per-location count unverified, source: https://celebritylashe.com/team/; Existing Fresha user, payments-attach conversation?; Team roster (11 named) isn't split by location, and the business has 2 Chicago locations per Yelp, count may span both sites. Actively hiring; accepts crypto payments."
Clean Your Dirty Face - Wicker Park,,beauty and wellness,1642 W Division St,60622,Wicker Park / Ukrainian Village,(773) 941-7741,https://www.cleanyourdirtyface.com/chicagowickerpark,,,,info@cleanyourdirtyface.com,@cleanyourdirtyface,,unverified,unknown,https://www.cleanyourdirtyface.com/chicagowickerpark,4.7,137,yes (35+),"A gift-card link suggests mindbody, but the Book button destination was not captured; National facial franchise (35+ locations per IG); this location's roster isn't published online."
Curvy Expektations,,beauty and wellness,1103 N Ashland Ave,60622,Wicker Park / Ukrainian Village,(331) 223-7050,,,,,,,,unverified,unknown,https://www.yelp.com/biz/curvy-expektations-chicago,4.5,17,no,
Dermalicious Med Spa,,beauty and wellness,"2038 W Division St, Unit B",60622,Wicker Park / Ukrainian Village,(773) 807-3777,,,,,,,,unverified,unknown,https://www.yelp.com/biz/dermalicious-med-spa-chicago,5,4,no,
East Rhythm,,beauty and wellness,1631 N Ashland,60622,Wicker Park / Ukrainian Village,(773) 235-2588,,,,,,,,unverified,unknown,https://www.yelp.com/biz/east-rhythm-chicago,4.1,12,no,
Eco Nail Salon,,nails,2038 W Division St,60622,Wicker Park / Ukrainian Village,(773) 697-4941,,,,,,,,unverified,unknown,https://www.yelp.com/biz/eco-nail-salon-chicago,4.3,189,no,
Fantasy Nail Salon,,nails,1743 W North Ave,60622,Wicker Park / Ukrainian Village,(773) 799-8453,,,,,,,,unverified,fresha,https://www.fresha.com/book-now/fantasy-nail-salon-t1zx9my2/all-offer?pId=1070377,4.5,72,no,"Existing Fresha user, payments-attach conversation?; existing Fresha user"
Flawless body Studio,,beauty and wellness,1710 W North Ave,60622,Wicker Park / Ukrainian Village,(312) 631-6453,https://www.flawlessbodystudio.com/bodycontouring,,,,,,,unverified,unknown,https://www.flawlessbodystudio.com/bodycontouring,5,2,no,Website appears parked/inactive (GoDaddy placeholder) - verify still operating.
Flirty Fingers Nail Studio,,nails,2629 W Chicago Ave,60622,Wicker Park / Ukrainian Village,(708) 357-0798,,,,,,,,unverified,unknown,https://www.yelp.com/biz/flirty-fingers-nail-studio-chicago,5,9,no,
Flow Beauty,,beauty and wellness,929 N Damen Ave,60622,Wicker Park / Ukrainian Village,(773) 474-2877,,,,,,,,unverified,unknown,https://www.yelp.com/biz/flow-beauty-chicago,5,18,no,
Great Clips,,hair salon,1238B N Ashland Ave,60622,Wicker Park / Ukrainian Village,(773) 252-2372,http://www.greatclips.com/salons/1085,,,,,@greatclips,,unverified,unknown,http://www.greatclips.com/salons/1085,4,197,yes (4400+),
Great Lakes Spa,,beauty and wellness,1337 N Ashland Ave,60622,Wicker Park / Ukrainian Village,(312) 877-1431,http://www.greatlakesspachicago.com,,,,,,,unverified,none,http://www.greatlakesspachicago.com,4.7,138,no,
Honey Nail Salon,,nails,1621 W North Ave,60622,Wicker Park / Ukrainian Village,(773) 746-2450,https://HoneyNailSalon.as.me,,,,,,,unverified,acuity,https://app.acuityscheduling.com/schedule.php?owner=29631719,4.8,127,no,"Acuity booking lists 7 named calendars (https://app.acuityscheduling.com/schedule.php?owner=29631719), visible only inside the widget, so not counted"
House of Lashes,,lash and brow,1347 N Ashland Ave,60622,Wicker Park / Ukrainian Village,(773) 698-7030,http://www.chicagohouseoflashes.com,Edimar Camaioni,owner,,,,,unverified,unknown,http://www.chicagohouseoflashes.com,4.9,35,yes (2),"Count removed after audit: team page is a chain-wide template (Chicago + Naples FL) with identical bios; Chicago + Naples FL locations; actively hiring. Team-page bios are identical templated boilerplate for each person, so treat the named roster with some caution."
IVI Aesthetics & Wellness,,beauty and wellness,910 N Damen Ave,60622,Wicker Park / Ukrainian Village,(773) 992-0331,http://www.iviaestheticswellness.com,Helen Papantoniou Pfeifle,owner,helen@iviaestheticswellness.com,helen@iviaestheticswellness.com,@iviaestheticswellness,,unverified,aesthetic record,https://envxz.myaestheticrecord.com/login,5,60,no,
Indique Hair,,hair salon,945 N Ashland Ave,60622,Wicker Park / Ukrainian Village,(312) 624-8190,https://www.indiquehair.com/chicago.html,,,,,@iloveindique,,unverified,unknown,https://www.indiquehair.com/chicago.html,4.3,164,no,"Hiring (per website); Hair-extensions retail/wholesale brand, not a service-provider salon - verify actual service offering at this address."
Infinite Beauty,,beauty and wellness,837 N Western Ave,60622,Wicker Park / Ukrainian Village,(312) 473-1738,,,,,,,,unverified,unknown,https://www.yelp.com/biz/infinite-beauty-chicago,,,no,Website listed on Yelp (chicagocomputerland.com) looks like a different business; removed
J W Rejuvenating Massage,,beauty and wellness,2625 W Chicago Ave,60622,Wicker Park / Ukrainian Village,(312) 539-3029,,,,,,,,unverified,unknown,https://www.yelp.com/biz/j-w-rejuvenating-massage-chicago-2,4.2,5,no,
JPN Nails Studio,,nails,852 N Ashland Ave,60622,Wicker Park / Ukrainian Village,(872) 258-7941,http://www.jpn-nails-studio.com,,,,jpnprofnails@gmail.com,@jpn_nails_studio,,unverified,vagaro,https://www.vagaro.com/jpnnailsstudio/book-now,4.9,150,no,"Website copy says studio ""is now open!"", appears newly launched"
Jasmine Lashes Studio,,lash and brow,1723 W North Ave,60622,Wicker Park / Ukrainian Village,(570) 800-9748,,,,,,,,unverified,unknown,https://www.yelp.com/biz/jasmine-lashes-studio-chicago,4.7,14,no,
Jordan Nails,,nails,2010 W Chicago Ave,60622,Wicker Park / Ukrainian Village,(773) 489-9224,,,,,,,,unverified,unknown,https://www.yelp.com/biz/jordan-nails-chicago,,,no,
Juko Nail & Skin Rescue,,nails,2130 W Division St,60622,Wicker Park / Ukrainian Village,(773) 772-2990,http://www.jukochicago.com,,,,jukodivision@gmail.com,,,unverified,unknown,http://www.jukochicago.com,4.7,227,no,"Site profiles one esthetician (Mary) but yelp copy references multiple licensed nail/skin technicians by role, not name, true roster size unconfirmed."
Lash O Holics,,lash and brow,2109 W Division St,60622,Wicker Park / Ukrainian Village,(312) 626-4025,,,,,,,,unverified,booksy,https://booksy.com/en-us/313961_lashoholics-inc_brows-lashes_18229_chicago#ba_s=sh_1,4.8,251,no,"Yelp history states ""2nd year in business"", relatively new location; Website listed on Yelp (eyelashpermchicago.com) looks like a different business; removed"
Lavish Touch Ib,,beauty and wellness,2306 W Chicago Ave,60622,Wicker Park / Ukrainian Village,(267) 880-9525,https://www.lavish-touchib.com,,,,lavishtouchib@gmail.com,@lavish___touch_i.b,,unverified,unknown,https://www.lavish-touchib.com,5,48,no,New space coming soon (per Instagram).
Lucky Massage Spa,,beauty and wellness,"1504 N Western Ave, Fl 1",60622,Wicker Park / Ukrainian Village,(312) 823-5863,,,,,,,,unverified,fresha,https://www.fresha.com/lp/en/bt/massage/in/us-chicago/west-garfield-park,3.2,29,no,"Existing Fresha user, payments-attach conversation?"
Luxo Nail Spa,,nails,"1300 N Ashland Ave, Ste 119",60622,Wicker Park / Ukrainian Village,(773) 697-3198,https://luxonailspa1.com,,,,luxonailspawickerpark@gmail.com,@luxonailspa.wickerpark,,unverified,unknown,https://luxonailspa1.com,4.8,1566,no,Strong review base (1566 Google reviews)
Luxuri Nails,,nails,2629 W Chicago Ave,60622,Wicker Park / Ukrainian Village,(773) 701-5606,,,,,,,,unverified,unknown,https://www.yelp.com/biz/luxuri-nails-chicago,,,no,Website listed on Yelp (lakshmihairsalon.com) looks like a different business; removed
Mayra’s Hair Salon,,hair salon,2317 W Chicago Ave,60622,Wicker Park / Ukrainian Village,(773) 634-0099,,,,,,,,unverified,unknown,https://www.yelp.com/biz/mayra-s-hair-salon-chicago,4.7,80,no,
Miniluv Nail Salon,,nails,1310 N Western Ave,60622,Wicker Park / Ukrainian Village,(773) 799-8878,http://miniluvnailsalon.com,,,,,,,unverified,unknown,http://miniluvnailsalon.com,4.6,596,no,Strong review base (596 Google reviews)
NAILaCARTE - Wicker Park,,nails,1821 W North Ave,60622,Wicker Park / Ukrainian Village,(773) 243-1889,https://nailacarte.com/wicker-park,,,,info@nailacarte.com,@nailacarte,,unverified,unknown,https://nailacarte.com/wicker-park/,4.7,201,yes (5),"A gift-card link suggests zenoti, but the Book button destination was not captured; 5-location Chicago nail chain (West Loop, Gold Coast, Wicker Park, River North, Streeterville); site states '100+ staff across network' company-wide with no per-location breakdown."
Nikki's Salon,,lash and brow,746 N Damen Ave,60622,Wicker Park / Ukrainian Village,(773) 687-8022,http://www.nikkisalon.com,,,,contact@nikkisalon.com,@nikkisalonchicago,,unverified,unknown,http://www.nikkisalon.com,4.8,234,no,
OF LAMIMANI,,lash and brow,929 N Damen Ave,60622,Wicker Park / Ukrainian Village,,,,,,,,,unverified,fresha,https://www.fresha.com/book-now/of-lamimani-ug49jie7/all-offer?id=2613984&pId=2531413&rwg_token=AE37R_h2zvMQFnWlSJC4GLLALLIOlbzorBd596IfKBFUF5rvJ5gGK3Q-JlDak7eSqOXNVRaBJN_SDtVTN4Dkzr9rnvZtTpEmHw%3D%3D,4.8,32,no,"Existing Fresha user, payments-attach conversation?; Existing Fresha user (Google booking link routes to a Fresha booking page)."
Oasis Face Bar - Wicker Park,,beauty and wellness,2142 W Division,60622,Wicker Park / Ukrainian Village,(773) 394-1720,http://oasisfacebar.com,,,,,,,unverified,zenoti,https://oasisfacebar.zenoti.com/temp_data/tempassetstore/b6beaac6-3891-46fe-9c5d-781c1e6def68/customassetupload/a7139578-5af1-40aa-a1c4-1af38a21ab79.png,5,150,yes (22),Hiring (per website); National franchise (~22 locations across OH/TN/MI/IL/FL/NJ/AZ/NC/TX/MO per website); 2 Chicago locations (Wicker Park + Lincoln Park).
Oxygen Spa Studio,,beauty and wellness,2638 W Chicago Ave,60622,Wicker Park / Ukrainian Village,(312) 846-1047,http://www.oxygenspastudio.com,,,,oxygenspastudio@gmail.com,,,unverified,unknown,http://www.oxygenspastudio.com,4.7,134,no,Massage-focused day spa serving Chicago since 2011 (per Yelp).
Ozone Spa,,beauty and wellness,"2246 W Chicago Ave, Ste 101",60622,Wicker Park / Ukrainian Village,(773) 666-5816,,,,,,,,unverified,unknown,https://www.yelp.com/biz/ozone-spa-chicago,4.5,61,no,
Peony Beauty Studio,,lash and brow,2207 W Chicago Ave,60622,Wicker Park / Ukrainian Village,(773) 747-0977,,,,,,,,unverified,unknown,https://www.yelp.com/biz/peony-beauty-studio-chicago,,,no,"Family-owned waxing studio, opened Nov 2016 (per Yelp); Website listed on Yelp (chicagobodywaxing.com) looks like a different business; removed"
Plush Nail Salon,,nails,1848 W Chicago St,60622,Wicker Park / Ukrainian Village,(773) 360-1129,,,,,,,,unverified,unknown,https://www.yelp.com/biz/plush-nail-salon-chicago,4,127,no,
Pretty Dapper Day Spa & Wax Bar,,nails,818 N California Ave,60622,Wicker Park / Ukrainian Village,(708) 613-5558,,Noelle Curtis,owner,,,,,unverified,unknown,https://www.yelp.com/biz/pretty-dapper-day-spa-and-wax-bar-chicago,,,no,
Pretty Pixie,,lash and brow,1625 W North Ave,60622,Wicker Park / Ukrainian Village,,,,,,,,,unverified,unknown,https://www.yelp.com/biz/pretty-pixie-chicago,,,no,
Pretty paint nails and beauty bar,,nails,"1200 N Ashland, Ste 506",60622,Wicker Park / Ukrainian Village,(773) 664-8846,,,,,,,,unverified,unknown,https://www.yelp.com/biz/pretty-paint-nails-and-beauty-bar-chicago-5,2.7,43,no,
Princess Latina Spa,,beauty and wellness,1313 N Western Ave,60622,Wicker Park / Ukrainian Village,(312) 361-7761,http://www.princesslatinaspa.com,,,,,@princesslatinaspa,,unverified,unknown,http://www.princesslatinaspa.com,4,49,no,
RS Laser,,beauty and wellness,848 N Ashland Ave,60622,Wicker Park / Ukrainian Village,(872) 801-0125,https://rs-laser.com,,,,info@rs-laser.com,@rs.laser.us,,unverified,mangomint,https://booking.mangomint.com/117389,5,215,no,"Actively hiring (Laser Hair Removal Specialist, Cosmetology Specialist, Front Desk positions posted on site)."
Relax Foot Spa,,beauty and wellness,1748 W North Ave,60622,Wicker Park / Ukrainian Village,(773) 799-8336,https://www.relaxfootspas.com,,,,relaxfootspainc@icloud.com,,,unverified,unknown,https://www.relaxfootspas.com,4.2,247,no,
Ruby Room Spa & Shop,,beauty and wellness,1743 W Division St,60622,Wicker Park / Ukrainian Village,(773) 235-2323,http://www.rubyroom.com,Kate Leydon,owner,,concierge@rubyroom.com,,,unverified,vagaro,https://www.vagaro.com/rubyroom/,4.6,78,no,"Names seen only in reviews/testimonials (7), not a roster, count left unverified; Est. 2002 in Wicker Park; team of specialist 'Alchemists' (massage, energy healing, tarot, skincare). Count derived from testimonials, not a formal roster, 'Ron' and 'Ronald' may be the same person (both tied to massage-type services), so this could overstate by 1."
Salon Hex,,hair salon,"1821 W Hubbard St, Ste 201",60622,Wicker Park / Ukrainian Village,(312) 363-2323,http://www.salonhex.com,Christina Crosthwaite,owner,,,@xtinahairdesign,,unverified,unknown,http://www.salonhex.com,4.8,85,no,Stylists appear to book independently (one uses vagaro); no shared salon booking tool confirmed; Hiring (per website); Owner voted #1 Hairdresser in Chicago (per IG bio).
SalonChick,,hair salon,2306 W Chicago Ave,60622,Wicker Park / Ukrainian Village,(773) 593-9091,,,,,,,,unverified,unknown,https://www.yelp.com/biz/salonchick-chicago,4.7,40,no,
Samson,,beauty and wellness,2056 W Chicago Ave,60622,Wicker Park / Ukrainian Village,(773) 384-4247,https://samsoninc.com,Karen Murphy,owner,,,@samson_inc,,unverified,vagaro,https://www.vagaro.com/samsoninc/,4.6,10,no,"Reviews highlight discreet, personalized service."
Sew What Salon Centre,,hair salon,829 N California Ave,60622,Wicker Park / Ukrainian Village,(630) 768-1513,http://sewwhatsalon.com,,,,,,,unverified,unknown,http://sewwhatsalon.com,4.9,115,no,
Shay Monai Artistry,,hair salon,2643 W Division St,60622,Wicker Park / Ukrainian Village,(312) 826-7429,,,,,,,,unverified,unknown,https://www.yelp.com/biz/shay-monai-artistry-chicago,,,no,
Sine Qua Non Salon - West Town,,hair salon,2038 W Chicago Ave,60622,Wicker Park / Ukrainian Village,(773) 252-4700,http://www.sinequanonsalons.com,,,,,@sinequanonsalons,,unverified,rosy,https://online.rosysalonsoftware.com/onlineBooking?id=23905,,,yes (3),"Hiring (per website); 3-location Chicago chain (Lakeview, Andersonville, West Town), since 1993. Named one of Top 10 salons in the US (Chicago Style Magazine Modern Luxury, 2025); WSJ featured 2024; Time Out Best Hair Salons 2024."
Soho Atelier,,hair salon,2950 W Chicago Ave,60622,Wicker Park / Ukrainian Village,(312) 834-4662,,Benito Barron,owner,,,,,unverified,vagaro,https://www.vagaro.com/googlemap/U2FsdGVkX18IYuTr~veSQjIUIPmk7VsUhsIZVNS3ToM=/services?rwg_token=AE37R_ghpK-SRMD6-O9lRywjQv-w8tRmrz19JhG9YLowdxtpvl1ihgzn3X1QP-Dsre_leLbtoejGWzQNljTF0UoEUlzVriH8jQ%3D%3D,4,80,no,
Sonia Herbal Salon,,beauty and wellness,1625 W North Ave,60622,Wicker Park / Ukrainian Village,(773) 772-7310,http://www.soniasalon.com,,,,soniasalon@gmail.com,@duasonia,,unverified,unknown,http://www.soniasalon.com,4,22,no,
Spa Social,,hair salon,1855 W Chicago Ave,60622,Wicker Park / Ukrainian Village,(312) 566-7122,http://www.spasocialside.com,Gia Favia,owner,,,,,unverified,vagaro,http://www.vagaro.com/spasocial,4.7,14,no,
Spirit and Matter,,beauty and wellness,"2950 W Chicago Ave, Ste 302 AB",60622,Wicker Park / Ukrainian Village,(312) 788-7113,https://www.spiritandmatter.com,,,,hello@spiritandmatter.com,@spiritandmattercollective,,unverified,unknown,https://www.spiritandmatter.com,5,45,yes (2),"Roster of 7 appears company-wide (yes (2)); per-location count unverified, source: https://www.spiritandmatter.com; Roster spans multiple locations (Chicago + Asheville, plus online), count is the total across locations, not confirmed per-address."
Studio I-90,,hair salon,1924 W Armitage Ave,60622,Wicker Park / Ukrainian Village,(773) 342-1878,,,,,,,,unverified,fresha,https://www.fresha.com/lvp/studio-i-90-west-armitage-avenue-chicago-wXRg0D,4.8,53,no,"Existing Fresha user, payments-attach conversation?"
Stylish Nails,,nails,1837 W Chicago Ave,60622,Wicker Park / Ukrainian Village,(312) 421-1580,,,,,,,,unverified,unknown,https://www.yelp.com/biz/stylish-nails-chicago,3.8,126,no,
T Pro Massage,,beauty and wellness,2520 W Chicago Ave,60622,Wicker Park / Ukrainian Village,(773) 278-7056,,,,,,,,unverified,unknown,https://www.yelp.com/biz/t-pro-massage-chicago-2,,,no,
Tamed,,hair salon,1668 W Division St,60622,Wicker Park / Ukrainian Village,(773) 697-8124,,,,,,,,unverified,vagaro,https://www.vagaro.com/pro/,4.4,126,yes (3),"Hiring (per website); 'Tamed' is the Wicker Park blowout/extensions studio brand of Gravity Salon and Spa (3 locations: Orland Park flagship, Southport, Wicker Park); Website listed on Yelp (gravitysalonandspa.com) looks like a different business; removed"
The NOW Massage Wicker Park,,beauty and wellness,1350 N Milwaukee Ave,60622,Wicker Park,(773) 828-8186,,,,,,,,unverified,unknown,https://www.yelp.com/biz/the-now-massage-wicker-park-chicago-3,4.6,232,yes (90+),Hiring (per website); National massage franchise (90+ locations per IG); no location-level roster found; Website listed on Yelp (thenowmassage.com) looks like a different business; removed
The Nail Bar on Division,,nails,1939 W Division St,60622,Wicker Park / Ukrainian Village,(773) 697-7220,http://Nailbardivision.com,,,,nailbardivision@gmail.com,@nailbardivision.chicago,,unverified,fresha,https://www.fresha.com/book-now/the-nail-bar-of-division-m0rmh229/all-offer?share=true&pId=2710227,4.6,286,no,"Existing Fresha user, payments-attach conversation?; Existing Fresha user (booking via Fresha)."
Underground Nail Art,,nails,938 N Damen Ave,60622,Wicker Park / Ukrainian Village,(773) 661-2766,,,,,,,,unverified,unknown,https://www.yelp.com/biz/underground-nail-art-chicago,,,no,
Urban Wellness Chicago,,beauty and wellness,"1564 N Damen Ave, Ste 207",60622,Wicker Park / Ukrainian Village,(872) 225-2552,http://www.urbanwellnesschi.com,Terri Lynn Visovatti,owner,,urbanwellnesschicago@gmail.com,,,unverified,unknown,http://www.urbanwellnesschi.com,5,2,no,
Velour Nails,,nails,1508 N Damen Ave,60622,Wicker Park / Ukrainian Village,(773) 857-1508,https://velournailschicago.com,,,,velournails.inc@gmail.com,@velournailschicago,,unverified,unknown,https://velournailschicago.com,4.9,102,no,
Viktoria Spa,,beauty and wellness,2154 W Division St,60622,Wicker Park / Ukrainian Village,(773) 656-4556,,,,,,,,unverified,vagaro,https://www.vagaro.com/googlemap/U2FsdGVkX190tz5-IjaVO~NbR-CyzR0hGd7GrysYnpc=/services?rwg_token=AE37R_jBMlGWi-kcftT2N9_qhQ0i6-l_zWN5aU0478aY-rxwjZ1A_gJfgFMsFiGDUyv8-bO-uEm51dMgCR_5CpS4Bqgb1SqP7w%3D%3D,4.5,52,no,
Wax and Relax,,beauty and wellness,"2131 W Division St, Viktoria Skin Care",60622,Wicker Park / Ukrainian Village,(773) 733-6967,,,,,,,,unverified,unknown,https://www.yelp.com/biz/wax-and-relax-chicago-2,,,no,
cammedSpa,,beauty and wellness,1349 N Western Ave,60622,Wicker Park / Ukrainian Village,(773) 384-8584,http://www.cammedicalgroup.org,,,,,,,unverified,unknown,http://www.cammedicalgroup.org,3.8,49,no,Shares its address (1349 N Western Ave) with CAM Medical Group (a primary care clinic) - appears to be that practice's med-spa service line.
salonblonde,,hair salon,1643 W North Ave,60622,Wicker Park / Ukrainian Village,(773) 235-4085,http://www.salonblonde.com,,,,,@salonblondechi,,unverified,square,https://salonblonde-101734.square.site/,,,no,"Hiring (per website); Relocated, joined Ricci Kapricci Salon at 1416 W Fullerton Ave (60614); no longer at the listed 60622 address."
Barbara&Barbara,1,hair salon,2925 W Diversey Ave,60647,Logan Square / Bucktown,(773) 384-6244,https://www.barbaraandbarbara.com,,,,management@barbaraandbarbara.com,@barbaraandbarbara,15,https://www.barbaraandbarbara.com/team,fresha,https://www.fresha.com/lvp/barbara-barbara-west-diversey-avenue-chicago-vvLPGJ,4.7,431,no,"Existing Fresha user, payments-attach conversation?; Existing Fresha user, Google Business booking link routes to Fresha."
Penny Lane Hair Studios,1,hair salon,2658 N Sawyer Ave,60647,Logan Square / Bucktown,(773) 486-3826,http://www.pennylanechicago.com,,,,booking@pennylanechicago.com,@pennylanestudios,10,https://www.pennylanechicago.com/team,unknown,http://www.pennylanechicago.com/,4.7,202,no,Voted Best Salon 2019 (Chicago Reader); currently hiring stylists.
Spa Soak,1,beauty and wellness,1733 N Milwaukee Ave,60647,Logan Square / Bucktown,(773) 395-9000,http://www.spasoakchicago.com,,,,hello@spasoakchicago.com,@spasoakchi,10,http://www.spasoakchicago.com/our-team,boulevard,http://www.spasoakchicago.com,4.6,157,no,actively hiring (careers page)
Sparrow,1,hair salon,3652 W. Wrightwood Ave,60647,Logan Square / Bucktown,(773) 486-9300,http://www.sparrowhair.com,,,,appointments@sparrowhair.com,,10,http://www.sparrowhair.com/team,boulevard,https://dashboard.boulevard.io/booking/businesses/276a59f8-6994-40b1-9d8f-80a914f286ac/widget#/cart/menu,4.9,145,no,
Little Broken Things,1,hair salon,2031 N Milwaukee Ave,60647,Logan Square / Bucktown,(773) 799-8828,http://www.littlebrokenthingschicago.com,,,,info@littlebrokenthingschicago.com,@littlebrokenthings,9,http://www.littlebrokenthingschicago.com/chicago-team,unknown,http://www.littlebrokenthingschicago.com,4.7,272,yes (2),"Featured in Crain's Chicago Business, UrbanMatter, and Modern Salon; voted Chicago's Best Hair Salon by the Chicago Reader and on Salon Today's 200 list for growth; currently hiring stylists."
Marin Hair Co,1,hair salon,2500 N Calfornia Ave,60647,Logan Square / Bucktown,(773) 687-9990,http://www.marinhairco.com,,,,info.marinhairco@gmail.com,@marinhairco,9,http://www.marinhairco.com/team,boulevard,http://www.marinhairco.com,4.8,198,no,"IG bio: ""Independently owned & award winning"" Davines concept salon."
L|Glamour,1,hair salon,3512 W Fullerton Ave,60647,Logan Square / Bucktown,(773) 383-4424,http://www.lglamourchicago.com,,,,,@hair.sandra_,8,http://www.lglamourchicago.com,unknown,http://www.lglamourchicago.com,4.9,72,no,Stylists book on Vagaro individually; one esthetician uses a Booksy invite link; no shared salon booking tool confirmed
Logan Parlor,1,hair salon,3251 W Fullerton Ave,60647,Logan Square / Bucktown,(872) 206-2682,http://www.loganparlor.com,Jamie DiGrazia,owner,,loganparlor@gmail.com,@loganparlorhair,7,http://www.loganparlor.com/team,meevo,https://login.meevo.com/LoganParlor/ob?locationId=503366,4.7,240,no,"Award-winning salon: Chicago's Best New Salon 2014 (Chicago Magazine), multiple NAHA nominations incl. Men's Hairstylist of the Year; currently hiring."
The Gilded Lily,1,hair salon,2741 N Spaulding Ave,60647,Logan Square / Bucktown,(773) 904-8540,https://www.gildedlilychicago.com,,,,hello@gildedlilychicago.com,@gildedlilychi,7,https://www.gildedlilychicago.com/our-team,unknown,https://www.gildedlilychicago.com,4.9,242,no,"A gift-card link suggests meevo, but the Book button destination was not captured; hiring; Top 200 Salon (2x) award"
Elemental Health,1,beauty and wellness,2225 W North Ave,60647,Logan Square / Bucktown,(773) 252-0555,http://www.elementalhealthchicago.com,,,,info@elementalhealthchicago.com,@elementalhealthchicago,6,http://www.elementalhealthchicago.com,unknown,http://www.elementalhealthchicago.com,5,6,no,"A gift-card link suggests square, but the Book button destination was not captured; Est. 2007 in Wicker Park; offers weekly Community Acupuncture (Thu 4-7pm)."
Olivo MedSpa,1,beauty and wellness,2550 W Fullerton Ave,60647,Logan Square / Bucktown,(872) 315-3481,http://www.olivomedspa.com,Jacqueline Olivo,owner,,,@olivomedspa,5,https://www.olivomedspa.com/about/,vagaro,https://www.vagaro.com/Users/BusinessWidget.aspx?enc=MMLjhIwJMcwFQhXLL7ifVGA1QjI5GH1p2XyHEYe23LheLozkQ3HKf4HbvU78PJurSCzXClDbUF/tG0rGPy1y2A9Dq+OUvLRvvdLaYCCQC4QVr4shlYmE8mhiaXedCcCUmrowDvtBYrcLfjzh+gzb+QIrl2bpNV24dz88kmPeFIGDximN2x5YeQsejOrI/p4n68BPzf82Lnk1bbcIqH38svP/SPRNn1VWIlF2nh1dJUlXH4tmOAdBW6kHNrLjtrVmPed/2C/FTjiMwsh+AhtS32Bz44KiW00Y9HRV9TgvqvZk4V0VW1NPWmdOru/9dj5Qiy/HyRNBBPwxMhqzZ6PIAHPBS0LhTArgjR++lm96vrCNHW+6P5YRK+vO2y8HpyJ/XEDwXfFRUl1TSeA+HIWL6wspcnyqMF+e83mpBcRdxPc=,4.9,158,no,
appt-only,1,hair salon,2016 W Concord Pl,60647,Logan Square / Bucktown,(312) 525-9661,http://appt-only.com,Andrew Tartara,owner,,salon@appt-only.com,@andrewtartara,5,http://appt-only.com,phorest,https://phorest.com/book/salons/apptonly,5,170,no,Recently added stylist Kevin Wheatley to the team; actively hiring ('We're Growing').
606 Salon,2,hair salon,2100 N Damen Ave,60647,Logan Square / Bucktown,,http://www.606salon.com,,,,itsthe606salon@icloud.com,,4,http://www.606salon.com/stylists,unknown,http://www.606salon.com,5,43,no,
J & Co Hair Studio,2,hair salon,"1653 N Western Ave, Ste 1S",60647,Logan Square / Bucktown,(773) 697-4637,http://www.jcohairstudio.co,,,,,@jcohairstudiochicago,4,http://www.jcohairstudio.co/our-team,unknown,http://www.jcohairstudio.co,4.9,74,no,"A gift-card link suggests square, but the Book button destination was not captured; Hiring (per website); founded 2019 by two hairstylists (per Yelp history); multiple 5-star Google reviews specifically praise stylist Nick by name, standout review theme"
Lulu Beauty Spa,2,lash and brow,2549 west fullerton ave,60647,Logan Square / Bucktown,(773) 870-2816,https://lulubeautyspa.com,Lucy Turkewitz,owner,lucy@lulubeautyspa.com,lucy@lulubeautyspa.com,@lulu.beauty.spa,4,https://lulubeautyspa.com/about/,glossgenius,https://lulubeautyspa1.glossgenius.com/book?service_token=1000f-a669bd53-4c90-48f5-bd19-88970c1006d2,4.8,125,no,
Doll Heads Salon,2,hair salon,3319 W Armitage Ave,60647,Logan Square / Bucktown,(773) 799-8001,http://www.dollheadsalon.com,Shelly Carbone,owner,,dollheadsalon@gmail.com,@o1,3,https://www.dollheadsalon.com/stylists,square,https://square.site/book/TED47TYPVRXFM/doll-heads-chicago-il,4.8,129,no,
7am Nails,,nails,2719 N Elston Ave,60647,Logan Square / Bucktown,,,,,,,,,unverified,unknown,https://www.yelp.com/biz/7am-nails-chicago-3,4.9,90,no,
Aby's Unisex,,hair salon,3233 W Fullerton Ave,60647,Logan Square / Bucktown,(773) 701-2944,https://abysunisex.wixsite.com/salon,,,,,,,unverified,unknown,https://abysunisex.wixsite.com/salon,4.7,143,no,
All Jazzed Up,,nails,3822 W North Ave,60647,Logan Square / Bucktown,(312) 868-6078,,,,,,,,unverified,unknown,https://www.yelp.com/biz/all-jazzed-up-chicago,4.4,21,no,
American Nail Spa,,nails,4051 W Diversey Ave,60647,Logan Square / Bucktown,(773) 666-5429,,,,,,,,unverified,unknown,https://www.yelp.com/biz/american-nail-spa-chicago,4.1,321,no,
Aol Massage,,beauty and wellness,2559 W Fullerton Ave,60647,Logan Square / Bucktown,(773) 252-0360,,,,,,,,unverified,unknown,https://www.yelp.com/biz/aol-massage-chicago,2.8,32,no,
Aria Nail Spa,,nails,1739 N Milwaukee Ave,60647,Logan Square / Bucktown,(773) 698-6455,,,,,,,,unverified,unknown,https://www.yelp.com/biz/aria-nail-spa-chicago,4.8,572,no,Strong review base (572 Google reviews)
Art of Alchemy Salon,,hair salon,1922 N Damen Ave,60647,Logan Square / Bucktown,(773) 510-7645,http://www.artofalchemysalon.com,,,,,@artofalchemysalon,,unverified,vagaro,https://www.vagaro.com/artofalchemysalon,5,18,yes (2),"Roster of 4 appears company-wide (yes (2)); per-location count unverified, source: http://www.artofalchemysalon.com; Recently expanded, new River North location now open per Yelp specialties. Team section also lists ""Glamour Girl"" for airbrush tanning; unclear if a person's name or a service brand, not included in count. Roster may span both Bucktown and River North locations (not distinguished on the page)."
Asia Nails,,nails,2051 W North Ave,60647,Logan Square / Bucktown,(773) 227-2299,,,,,,,,unverified,fresha,https://www.fresha.com/en-GB/lvp/asia-nails-west-north-avenue-chicago-30GqqE,4,132,no,"Existing Fresha user, payments-attach conversation?; existing Fresha user"
Asia Nails Salon,,nails,2549 N Milwaukee Ave,60647,Logan Square / Bucktown,(773) 252-8946,,,,,,,,unverified,fresha,https://www.fresha.com/lvp/asia-nails-salon-north-milwaukee-avenue-chicago-Boo3P3,3.8,201,no,"Existing Fresha user, payments-attach conversation?; existing Fresha user"
Beautylicious,,hair salon,2824 W Diversey Ave,60647,Logan Square / Bucktown,(312) 468-9435,,,,,,,,unverified,unknown,https://www.yelp.com/biz/beautylicious-chicago-2,,,no,
Bucktown Nails & Spa,,nails,2036 N Damen,60647,Logan Square / Bucktown,(773) 862-1500,,,,,,,,unverified,unknown,https://www.yelp.com/biz/bucktown-nails-and-spa-chicago,4.4,60,no,
Charmed Lashe Studio 606,,lash and brow,1725 N Western Ave,60647,Logan Square / Bucktown,(773) 249-4411,,,,,,,,unverified,unknown,https://www.yelp.com/biz/charmed-lashe-studio-chicago-2,4.6,57,no,
Chicago Chop Shop,,hair salon,"2412 W North Ave, Ste 3E",60647,Logan Square / Bucktown,(312) 625-0628,,,,,,,,unverified,unknown,https://www.yelp.com/biz/chicago-chop-shop-chicago-4,4,599,no,Strong review base (599 Google reviews)
Chicago Forever Chic Hair Salon,,hair salon,2445 W Armitage Ave,60647,Logan Square / Bucktown,(773) 592-9303,,,,,,,,unverified,booksy,https://booksy.com/en-us/rwg/204179_forever-chic-hair-salon_skin-care_18229_chicago?rwg_token=AE37R_hXz33UVJpSdsAnmkexRheTFXevXJtrw5o3EyfStH9loUHfcAF0kHtcizb0YS5eNm9_9_tYN8c-buT75w_3M6DvNpo41g%3D%3D,4.4,99,no,books via Booksy (per Google Business Profile booking link)
Chicago Nail Room,,nails,"1616 N Western Ave, Ste 1A",60647,Logan Square / Bucktown,(773) 799-8816,,,,,,,,unverified,unknown,https://www.yelp.com/biz/chicago-nail-room-chicago,4.5,157,no,
Chicago's Best Beauty,,nails,2312 North California Ave,60647,Logan Square / Bucktown,(773) 799-8707,,Jorge Rios,owner,,,,,unverified,unknown,https://www.yelp.com/biz/chicagos-best-beauty-chicago-2,4.8,225,no,"newest venture from the 'Chicago's Best' brand (owner Jorge Rios), which also operates Chicago's Best Barbershop at 2 locations (incl. Humboldt Park); this location is the beauty/nail division"
Daki Salon,,beauty and wellness,1909 N Milwaukee Ave,60647,Logan Square / Bucktown,(773) 252-9293,,,,,,,,unverified,unknown,https://www.yelp.com/biz/daki-salon-chicago,4.7,229,no,
European Wax Center,,beauty and wellness,2717 N Elston,60647,Logan Square / Bucktown,(773) 292-9299,https://locations.waxcenter.com/il/chicago/chicago-logan-square-0330.html,,,,,@europeanwax,,unverified,unknown,https://locations.waxcenter.com/il/chicago/chicago-logan-square-0330.html,4.9,744,yes (5),Currently hiring (per website); Strong review base (744 Google reviews)
FACE FOUNDRIÉ - Chicago Bucktown,,beauty and wellness,1721 N Damen Ave,60647,Logan Square / Bucktown,(312) 788-0292,https://facefoundrie.com/location/chicago-bucktown,,,,bucktown.skinexpert@facefoundrie.com,@facefoundrie,,unverified,unknown,https://facefoundrie.com/location/chicago-bucktown/?utm_source=yelp&utm_medium=social&utm_campaign=book-now,4.8,228,yes (80+),hiring; national franchise expanding (175+ locations in development per IG)
Finding Me Facial Studio,,beauty and wellness,2603 W North Ave,60647,Logan Square / Bucktown,(773) 414-6713,,,,,,,,unverified,unknown,https://www.yelp.com/biz/finding-me-facial-studio-chicago,5,20,no,
Gaia Evolution Spa & Salon,,hair salon,3143 W Fullerton Ave,60647,Logan Square / Bucktown,(773) 799-8843,https://www.gaiaevolutionspaandsalon.com,,,,gaiaevolution@icloud.com,@gaiaspaandsalon,,unverified,salonbiz,https://book.salonbiz.com/widget/#/welcome?comToken=c6615t202407091845p58fJw38866o38Aaju4sA,4.9,87,no,"Aveda Exclusive Salon, organic/vegan/cruelty-free positioning; founded 2016 by Jay and Ernesto (first names only, per Yelp)"
Gold & Braid Salon,,hair salon,1945 N Damen Ave,60647,Logan Square / Bucktown,(773) 384-7998,http://www.goldandbraidsalon.com,,,,,,,unverified,vagaro,https://www.vagaro.com/googlemap/U2FsdGVkX1~JB8XznqlCs5BNtlDCOBucjHChRku2DxM=/services?rwg_token=AE37R_iGGTlkiC43CxomV7xiHtqPkzrocOfSSa3XpMvHk64E0STWE-Tg5JMeZvaguC0Upgqaheb5kqY0p1qk9HZ38xzAieeGrg%3D%3D,4.8,11,no,"AMBIGUOUS DATA: the captured website content is for a different business entirely (a Long Beach, CA hairstylist), likely a domain mismatch or expired-domain scrape, not this salon's actual site. Books via Vagaro (per Google Business Profile booking link)."
Jimmy Nails,,nails,3107 W Armitage Ave,60647,Logan Square / Bucktown,(773) 227-3107,,,,,,,,unverified,unknown,https://www.yelp.com/biz/jimmy-nails-chicago-3,4,58,no,
Lamint,,nails,2204 W North Ave,60647,Logan Square / Bucktown,(773) 270-6430,https://www.lamint-chi.com,,,,lamint.chi@gmail.com,@lamint.chi,,unverified,fresha,https://www.fresha.com/book-now/lamint-jbgsrldx/services?lid=2865518&share=true&pId=2770763,5,1746,no,"Existing Fresha user, payments-attach conversation?; Strong review base (1746 Google reviews)"
Lash & Beauty Bar,,lash and brow,1600 N Maplewood,60647,Logan Square / Bucktown,(312) 566-3379,,,,,,,,unverified,unknown,https://www.yelp.com/biz/lash-and-beauty-bar-chicago,,,no,Recently relocated from Lakeview to West Town (per Yelp); serving clients since 2017
Lee Nails,,nails,2657 N Elston Ave,60647,Logan Square / Bucktown,(773) 772-6150,,,,,,,,unverified,unknown,https://www.yelp.com/biz/lee-nails-chicago-7,4,228,no,
Logan Square Nail Salon,,nails,2453 N Milwaukee,60647,Logan Square / Bucktown,(773) 799-8975,http://logansquarenailsalon.com,,,,,,,unverified,unknown,http://logansquarenailsalon.com,4.3,425,no,
Lucy's Hair Design,,hair salon,2126 N Western Ave,60647,Logan Square / Bucktown,(773) 484-8131,,,,,,,,unverified,booksy,https://booksy.com/en-us/rwg/409831_lucys-hair-design_hair-salon_18229_chicago?rwg_token=AE37R_i2BWJjaGfJ3b-bh42KhgVKytYo-j3HNWlN94czChVr9ECtoBRTiazquLwRT2wgbcEpGMqhA5E-1M_1Q-HZdODy2N82mg%3D%3D,4.1,42,no,
M Aesthetics,,beauty and wellness,"3111 W Armitage Ave, Ste 212",60647,Logan Square / Bucktown,(872) 800-7589,,,,,,,,unverified,vagaro,https://www.vagaro.com/mfaesthetics,5,108,no,
Magic Touch,,nails,3407 W North Ave,60647,Logan Square / Bucktown,(773) 227-3852,,,,,,,,unverified,unknown,https://www.yelp.com/biz/magic-touch-chicago-5,3.7,211,no,
Maria's Unisex Hair Designs,,hair salon,3454 W Diversey Ave,60647,Logan Square / Bucktown,(773) 489-5343,,,,,,,,unverified,fresha,https://www.fresha.com/lvp/marias-unisex-hair-designs-west-diversey-avenue-chicago-X461nA,4.6,80,no,"Existing Fresha user, payments-attach conversation?; Existing Fresha user (Google booking link points to fresha.com)."
Massage Therapy,,beauty and wellness,2407 N Milwaukee Ave,60647,Logan Square / Bucktown,(312) 678-2098,,,,,,,,unverified,unknown,https://www.yelp.com/biz/massage-therapy-chicago-5,,,no,
Nail Secrets,,nails,2719 N Elston Ave,60647,Logan Square / Bucktown,(773) 455-5683,https://nailsecretschicago.com,,,,,,,unverified,unknown,https://nailsecretschicago.com,,,no,
New Orient Spa II,,beauty and wellness,"1631 N Western Ave, 1f",60647,Logan Square / Bucktown,(312) 975-9112,http://orientspamassage.com,,,,,,,unverified,setmore,https://orientspa1631.setmore.com/,4.1,52,no,
OFF Shore Spa,,beauty and wellness,2620 W North Ave,60647,Logan Square / Bucktown,(773) 350-4518,http://offshorespa.com,,,,,,,unverified,vagaro,https://www.vagaro.com/pro/booking-website-builder,4.9,236,no,
Panda Foot Spa,,beauty and wellness,2212 W North Ave,60647,Logan Square / Bucktown,(773) 687-9815,https://www.pandafootspail.com,,,,ilovepandafootspa@gmail.com,,,unverified,setmore,https://pandafootspa0mo8.setmore.com/,5,56,no,Count removed after audit: booking widget lists front-desk and clinical-assistant roles among therapists; bookable therapist count not confirmed
Paris Nails salon,,nails,2849 W Armitage Ave,60647,Logan Square / Bucktown,(773) 799-8285,https://parisnails-chicago.com,,,,,,,unverified,unknown,https://parisnails-chicago.com,4.1,134,no,"Yelp history describes it as a ""brand new salon"" in an up-and-coming neighborhood."
Pinky’s Promise Beauty,,beauty and wellness,2522 N Hamlin Ave,60647,Logan Square / Bucktown,(312) 918-8640,https://pinkypromisebeauty.net,,,,milenabbrandao@gmail.com,,,unverified,daysmart,https://book.daysmart.com/api/booking/service?DSID=DC-741521,4.5,38,no,
Plateau Blu Salon,,hair salon,2064 N Western Ave,60647,Logan Square / Bucktown,(773) 227-8787,,,,,,,,unverified,vagaro,https://www.vagaro.com/googlemap/U2FsdGVkX1~Qwe89tlQKGwNjYSfPlylT10MHVnYSQTg=/services?rwg_token=AE37R_gv0cSAG59ZTcEk_hh3Fec5T9Wa-5P-mRvW14DVNSNIPqvdBX9-hmjFbP_YjYegz3554Sfz60yddDv86uW6mBgtQncTbw%3D%3D,4.8,77,no,
Rachel's Nails,,nails,1600 N Maplewood Ave,60647,Logan Square / Bucktown,(773) 342-6044,,,,,,,,unverified,unknown,https://www.yelp.com/biz/rachels-nails-chicago,4,225,no,
ReJenerate Aesthetic Studio,,beauty and wellness,2131 N Damen,60647,Logan Square / Bucktown,(773) 520-0282,http://www.rejenerateas.com,,,,rejenerateas@gmail.com,@rejenerate.aesthetic.studio,,unverified,fresha,https://www.fresha.com/lvp/rejenerate-aesthetic-studio-north-damen-avenue-chicago-4P0Rzy,5,53,no,"Existing Fresha user, payments-attach conversation?; Hiring (per website); Existing Fresha user, Google Maps booking link routes to fresha.com."
Reishi,,beauty and wellness,1629 N Milwaukee Ave,60647,Logan Square / Bucktown,(773) 276-8746,,,,,,,,unverified,vagaro,https://www.vagaro.com/us04/trimlincolnpark,,,no,Website listed on Yelp (trimwax.com) looks like a different business; removed
RideLine Sharpening,,hair salon,2116 N Springfield Ave,60647,Logan Square / Bucktown,(773) 800-1497,,,,,,,,unverified,unknown,https://www.yelp.com/biz/rideline-sharpening-chicago-2,,,no,
Salon Allure,,hair salon,2534 W Fullerton Ave,60647,Logan Square / Bucktown,(773) 227-4499,,,,,,,,unverified,unknown,https://www.yelp.com/biz/salon-allure-chicago,4.9,59,no,
Salon Chic Logan Square,,nails,2640 1/2 N Milwaukee Ave,60647,Logan Square / Bucktown,(773) 772-8298,http://www.salonchiclogansquare.com,,,,,,,unverified,unknown,http://www.salonchiclogansquare.com,4.3,227,no,
Sana Nails,,nails,1921 N Milwaukee Ave,60647,Logan Square / Bucktown,(773) 799-8612,,,,,,,,unverified,fresha,https://www.fresha.com/book-now/sana-nails-duqc0yso/all-offer?id=2885337&pId=2789837&rwg_token=AE37R_jLZiqo7DLFiVmlSTcmhHmwfNR8uf3dERbnpxBGNF93SmfsTHYovXhTsgguVCmP6uDe5spECQzFVxakBVPFwPp-XkCJyA%3D%3D,4.5,61,no,"Existing Fresha user, payments-attach conversation?; Existing Fresha user (Google booking link points to fresha.com)."
Sara Hair Professionals,,hair salon,3044 West Fullerton Ave,60647,Logan Square / Bucktown,(773) 227-1352,,,,,,,,unverified,fresha,https://www.fresha.com/lvp/sara-hair-professional-west-fullerton-avenue-chicago-D78wbW,4.7,109,no,"Existing Fresha user, payments-attach conversation?; Existing Fresha user, Google Business booking link routes to Fresha."
Skin Alchemy,,beauty and wellness,"2225 W North Ave, Boutique Style Skin Care",60647,Logan Square / Bucktown,(773) 991-4648,http://www.skinalchemyspa.com,,,,,,,unverified,unknown,http://www.skinalchemyspa.com,,,no,
Spa Dabin,,nails,3111 W Logan Blvd,60647,Logan Square / Bucktown,(773) 384-3113,,,,,,,,unverified,unknown,https://www.yelp.com/biz/spa-dabin-chicago-2,4.3,95,no,
Sunny Massage,,beauty and wellness,2854 W Armitage Ave,60647,Logan Square / Bucktown,(773) 235-5555,,,,,,,,unverified,unknown,https://www.yelp.com/biz/sunny-massage-chicago-2,4.5,154,no,
Tania's Unisex Beauty Salon,,hair salon,3704 W Fullerton Ave,60647,Logan Square / Bucktown,(773) 227-9088,,,,,,,,unverified,unknown,https://www.yelp.com/biz/tanias-unisex-beauty-salon-chicago,4.5,99,no,
Tego Nail Spa,,nails,1731 N Western Ave,60647,Logan Square / Bucktown,(773) 252-4444,,,,,,,,unverified,unknown,https://www.yelp.com/biz/tego-nail-spa-chicago,4.5,118,no,
The Brow Fairy,,lash and brow,1883 N Milwaukee Ave,60647,Logan Square / Bucktown,(765) 627-3023,https://thebrowfairystudio.square.site,,,,,,,unverified,square,https://thebrowfairystudio.square.site/square.ico,,,no,
The Lashe Spot,,lash and brow,1866 N Damen Ave,60647,Logan Square / Bucktown,(773) 697-3006,http://www.thelashespot.com,,,,,@vavada.inst,,unverified,unknown,http://www.thelashespot.com,,,no,
The Wax & Skin Lounge,,beauty and wellness,2731 N Milwaukee Ave,60647,Logan Square / Bucktown,(773) 661-6758,http://www.waxskinlounge.com,,,,,@waxskinlounge,,unverified,booker,https://go.booker.com/location/WaxSkinLounge,4.8,565,yes (2),Grand Opening Jan 2019; 2 Chicago locations (Logan Square + Fulton Market/West Loop); billed as Chicago's first full vegan wax spa; currently hiring; Strong review base (565 Google reviews)
ZaZaZoo Nail Salon,,nails,1842 N Damen Ave,60647,Logan Square / Bucktown,(773) 687-9717,http://www.zazazoonailsalon.com,,,,info@zazazoonailsalon.com,@zazazoonailsalon,,unverified,vagaro,https://www.vagaro.com/OnlineChooseBusiness.aspx?enc=FeWMMfY%207xoz0VTrhiAKp1We0HsZXRFa%2FMt6arUeZhEI4V6RvnxCfIjAjALTqMx%2FNlGfOmrznGG1C5OzD0q%2F%20OkRc5UBbYBf1%20eU5EtxLUTZlIr9y3nmm57RDInpEQzpVQb24W3kpR0nvOb9OMcIvHRbUcqNJXcgWkbCRQZFUG%2FEKffGtrbQFBvF6an4yQ8oB1V0sfl2BPFgDrGc3DAAtWme4O8%2F3wHC5ofnaDNc%20SalW3bni6VjWgbHnTNhAxO98rVFlx4QaaWznF6uukGugzNkgwuQii%20TvtvhybNjqJ0jAjR5AT90o4J8J6CZQqlzhIeDCNInCCSHHNZBq6LaTIc73h4Hh051m5yYD1F2Nn1k8RkEEkdFJGCRglKQQI8MznM9Og8I2v0W%20eaXt8dgC4HmDV37SLk80bO36%20dcvySScJTRh2Mgq9C%2FVLoimfOgYw9xgxEPEu8RsWNla%2FWRQ1cbEaoaB1y%20VFHff3I7VHX9mGXjd79jLc3QEhXxni0l6BiRtVEkMFXUy%20eMoeP31BoeM8QlF16S7C%2FFQYg7GNwlzylVTzqJimeZDyYoEWM8Fmfg6JjINycpXCfJ7srYBbxF7BR%2F5dWu%20TXZDan%20uki1e2nczHx6WKZ5g5l9EPr7f5DB%200YvUbfm2NfT%2FOV0OGyjKijqj6HFpfPThft8oXsiffGxJZkBQdFZJXHgk8yvfGyprUuG%2FtB1AlCoWgid7%202rhbjFilMqJAEmsQIFTbQ%3D,4.2,152,yes (2),"Best of Chicago Nail Salon award (Chicago magazine, 2012); currently hiring nail technicians."
Siren Salon,1,hair salon,3143 N Lincoln Ave,60657,Lakeview,(773) 549-0800,https://www.sirensalon.com,Chris Yoshimura,owner,,siren@sirensalon.com,@sirensalonchi,22,https://www.sirensalon.com/staff,phorest,https://www.phorest.com/salon/sirensalon/book/service-selection?showSpecialOffers=false,4.8,386,no,Hiring (per website); 24+ years in West Lakeview (opened 1998 per about page); team grew from a small group to 22 stylists/estheticians per current staff roster.
Chicago Male Salon & Spa,1,hair salon,3418 N Halsted St,60657,Lakeview,(773) 281-6005,http://www.chicagomalesalon.com,,,,booking@chicagomalesalon.com,@chicagomalesalon,9,http://www.chicagomalesalon.com/ourteam,boulevard,http://www.chicagomalesalon.com,4.7,523,no,Multiple 'award-winning' stylists/colorists per team bios (unspecified awards); men's grooming focus in Boystown/Lakeview; Strong review base (523 Google reviews)
The Colour Room,1,hair salon,3517 N Lincoln Ave,60657,Lakeview,,https://www.colourroomchicago.com,,,,,@colourroomchicago,8,https://www.colourroomchicago.com/artists-book-appointment,unknown,https://www.colourroomchicago.com,4.9,81,no,"Currently hiring; stylist-owned & operated, booth rentals available, book directly with stylist (no receptionist)."
Fusion Hair Studio,2,hair salon,1632 W Belmont Ave,60657,Lakeview,(773) 296-1700,http://fusionhairchicago.com,Aimee Collins,owner,,,@fusionhairchicago,3,http://fusionhairchicago.com/stylists,none,http://fusionhairchicago.com,4.9,26,yes (2),Voted #1 Salon in Chicago & Lakeview; Best Hair Color in Chicago (CitySearch)
Lapiel Laser Center,2,beauty and wellness,3454 N Lincoln Ave,60657,Lakeview,(773) 248-4247,http://www.feelinggoodmatters.com,Maria Victoria Ruiz,owner,,,@lapiellasercenter,3,https://www.feelinggoodmatters.com/team,booker,https://go.booker.com/location/lapiellc/service-menu,5,486,no,
A Plus Nail,,nails,2814 N Halsted St,60657,Lakeview,(773) 661-9949,,,,,,,,unverified,unknown,https://www.yelp.com/biz/a-plus-nail-chicago,4.5,78,no,
A Plus Spa,,beauty and wellness,"1109 W Belmont Ave, Ste 1",60657,Lakeview,(312) 866-1568,https://aplusspachicagoreviews.com,,,,,,,unverified,unknown,https://aplusspachicagoreviews.com,4.9,293,no,Hiring (per website)
Absolute Precision Skin Care,,beauty and wellness,1421 W Belmont Ave,60657,Lakeview,(773) 248-0700,http://www.absoluteprecisionskincare.com,,,,kelly@absoluteprecisionskincare.com,,,unverified,mindbody,https://clients.mindbodyonline.com/Pages/OnlineStore.aspx?catid=&partnerID=0&studioid=5511,5,126,no,"Names seen only in reviews/testimonials (3), not a roster, count left unverified; named ""Best Facials in Chicago"" by Allure Magazine and Time Out Chicago"
Aria Salon,,hair salon,3334 N Ashland Ave,60657,Lakeview,(773) 544-7532,http://www.ariasalonchicago.com,Anthony Serranilla,owner,,,,,unverified,unknown,http://www.ariasalonchicago.com,4.9,40,no,"Opened 2003, relocated to this Lakeview address (3334 N Ashland) after ~5 years; owner Anthony Serranilla has 15+ years of styling experience."
Art + Sol,,beauty and wellness,1710 W Belmont Ave,60657,Lakeview,(631) 213-7755,http://www.artandsolchicago.com,,,,,@artandsolchicago,,unverified,boulevard,https://dashboard.boulevard.io/booking/businesses/54e60d7d-dbaa-4c4d-8978-6b37ad2e7c8b/widget#/visit-type,5,175,no,Hiring (Join Our Team page listed on site).
Artis Senior Living of Lakeview,,beauty and wellness,3535 N Ashland Ave,60657,Lakeview,(773) 697-9003,https://lakeview.artisseniorliving.com,,,,,@artisoflakeview,,unverified,unknown,https://lakeview.artisseniorliving.com,4.2,85,no,"Hiring (per website); U.S. News & World Report Best Memory Care community; Great Place to Work certified (per website). Team page lists community leadership only (Exec Director + department directors), not client-facing care staff."
Ay Beauty Nail Salon,,nails,3343 N Broadway,60657,Lakeview,(312) 835-2657,,,,,,,,unverified,vagaro,https://www.vagaro.com/aybeautynailsalon,4.9,68,no,
Black Onyx Nail Art & Design,,nails,"3021 N Broadway St, Ste 1",60657,Lakeview,(773) 857-0805,,,,,,,,unverified,booksy,https://booksy.com/en-us/rwg/223453_black-onyx-nail-salon_nail-salon_18229_chicago?rwg_token=AE37R_iewHN9mipPbXxnXeP24fn4Xsk7Qdom1QDB04e-r_fS1_4G06Ac7b2jiAtJnE88kJoVht_uV9SzpZCS1RG1ruuxDwF5Kw%3D%3D,4.5,218,no,
Bleach,,hair salon,1816 W Belmont Ave,60657,Lakeview,(773) 788-2886,http://www.bleachchicago.com,,,,info@bleachchicago.com,@bleachchicago,,unverified,vagaro,https://www.vagaro.com/us04/bleachchicago,5,58,no,
Blink and Polish Nails waxing,,nails,3356 N Bdwy,60657,Lakeview,(773) 697-7731,,,,,,,,unverified,booksy,https://booksy.com/en-us/rwg/662063_blink-and-polish-nail-salon_nail-salon_18229_chicago?rwg_token=AE37R_hihpAas4Gj4LUpaR7qJLELpScllVguR8t4ER4N1Ptt4vdQ4htEUyA3UTx7Ys18rQ6fUjKa3yDjCfD7AMH1A8MSUE0B0w%3D%3D,4.4,126,no,
BodyBrite,,beauty and wellness,2949 N Broadway,60657,Lakeview,(773) 799-8228,,,,,,,,unverified,unknown,https://www.yelp.com/biz/bodybrite-chicago-4,3.7,28,no,
Boon Thai Spa,,beauty and wellness,3410 N Halsted St,60657,Lakeview,(773) 812-6666,https://boonthaispaschicago.com,,,,boonthaispabooking@gmail.com,,,unverified,unknown,https://boonthaispaschicago.com,4.6,64,no,
Chicago Hair Extensions Salon,,hair salon,"3528 N Ashland Ave, Ste B",60657,Lakeview,(773) 996-0533,http://www.chicagohairextensionssalon.com,,,,info@chicagohairextensionssalon.com,@chicagohairextensions,,unverified,vagaro,https://www.vagaro.com/pro/,4.5,64,yes (2),
Color Lab salon,,hair salon,3310 N Halsted,60657,Lakeview,(773) 770-5198,http://www.colorlabchicago.com,,,,,,,unverified,unknown,http://www.colorlabchicago.com,4.6,99,no,
Couture Nails & Waxing,,nails,3341 N Southport,60657,Lakeview,(773) 857-1009,,,,,,,,unverified,fresha,https://www.fresha.com/a/couture-nails-and-waxing-chicago-3341-north-southport-avenue-q9mii80k,4.4,96,no,"Existing Fresha user, payments-attach conversation?; Existing Fresha user (Google booking link points to fresha.com)."
Daisy Nails,,nails,1702 W Belmont Ave,60657,Lakeview,(773) 549-6245,http://www.daisynails.net,,,,daisynails1702@gmail.com,@daisynailschicago,,unverified,setmore,https://daisynailschicago.setmore.com/,,,no,"Recently opened (""GRAND OPENING"" on website)."
DermaSpa Advanced SkinCare,,beauty and wellness,"3354 N Paulina St, Ste 204",60657,Lakeview,(773) 931-4687,http://www.dermaspachicago.com,,,,,,,unverified,unknown,http://www.dermaspachicago.com/,,,no,
Diamond Salon,,beauty and wellness,1125 W Belmont Ave,60657,Lakeview,(773) 666-5516,,,,,,,,unverified,unknown,https://www.yelp.com/biz/diamond-salon-chicago,4.8,108,no,
Diva Lash,,lash and brow,3174 N Clark St,60657,Lakeview,(773) 992-9176,https://divalashsalons.com,,,,,@NENG4D,,unverified,vagaro,https://www.vagaro.com/divalash/services,4.6,459,no,"Official website (divalashsalons.com) has been hijacked/redirects to an unrelated gambling site, no usable team or business content there."
Dream Head & Foot Care,,hair salon,1235 W Belmont Ave,60657,Lakeview,(312) 900-1887,http://dreamheadfootcare.com,,,,,,,unverified,acuity,https://dreamheadfootcare.as.me/,4.6,237,no,Acuity lists 1 calendars; not clearly per-person
Elevare MD,,beauty and wellness,3357 N Southport Ave,60657,Lakeview,(773) 598-4440,http://www.elevaremd.com,Michael DeWolfe,owner,,info@elevaremd.com,@elevaremd,,unverified,unknown,http://www.elevaremd.com,4.9,170,yes (2),"Roster of 8 appears company-wide (yes (2)); per-location count unverified, source: http://www.elevaremd.com/about; Hiring/growing team (""rapidly growing... seeking motivated professionals""). Led by nationally recognized plastic surgeon known as 'The Enbloc Doc.'"
Emerald Ivory Wellness Spa,,beauty and wellness,3259 N Ashland Ave,60657,Lakeview,(312) 940-9955,http://www.emeraldivorywellness.com,,,,,@emeraldivorywellness,,unverified,glossgenius,https://emeraldivorywellness.glossgenius.com,4.9,57,no,
Enjoy Life Spa,,beauty and wellness,1720 W Belmont Ave,60657,Lakeview,(224) 322-3067,,,,,,,,unverified,unknown,https://www.yelp.com/biz/enjoy-life-spa-chicago,4.2,10,no,
Esteban's Aesthetic,,hair salon,3009 N Halsted St,60657,Lakeview,(773) 871-7252,,,,,,,,unverified,unknown,https://www.yelp.com/biz/estebans-aesthetic-chicago-3,5,30,no,
Fleur Balance Salon & Yoni Spa,,hair salon,1650 W Belmont Ave,60657,Lakeview,(773) 697-9281,,,,,,,,unverified,unknown,https://www.yelp.com/biz/fleur-balance-salon-and-yoni-spa-chicago,4.6,40,no,
Foot Station Thai Bodywork,,beauty and wellness,2853 N Lincoln Ave,60657,Lakeview,(773) 982-0808,,,,,,,,unverified,unknown,https://www.yelp.com/biz/foot-station-thai-bodywork-chicago,,,no,
Genacelli East Studio Salon,,hair salon,2829 N Sheffield Ave,60657,Lakeview,(773) 248-8822,http://genacellieaststudio.com,,,,,,,unverified,unknown,http://genacellieaststudio.com,4.6,162,no,"Website domain (genacellieaststudio.com) is a parked/expired GoDaddy page, verify the business is still operating before outreach (Google still shows 4.6/162 reviews)."
Get Nail'd,,nails,3131 N Broadway,60657,Lakeview,(773) 477-3131,http://www.getnaildspa.com,,,,,,,unverified,fresha,https://www.fresha.com/lvp/get-naild-north-broadway-chicago-D7wRXV,4.4,312,no,"Existing Fresha user, payments-attach conversation?; existing Fresha user (Google booking link matches business name and street)"
Goldplaited,,beauty and wellness,2829 N Sheffield Ave,60657,Lakeview,(773) 880-9180,http://www.goldplaited.com,Mal Strong,co-owner,,,@goldplaited_,,unverified,booker,https://go.booker.com/location/goldplaited/service-menu,4.6,162,yes (2),Founded 2013 by sisters Mal & Coco Strong; operates in Chicago and Tampa. Offers 'The Gild Membership' (unlimited blowouts/braids). Team page names no individual stylists beyond the founders; Co-owner: Coco Strong
Grace Beaut Lab,,lash and brow,3220 N Sheffield Ave,60657,Lakeview,(224) 509-0017,,,,,,,,unverified,unknown,https://www.yelp.com/biz/grace-beaut-lab-chicago,5,151,no,
Great Clips,,hair salon,3165 N Broadway,60657,Lakeview,(773) 871-2699,http://www.greatclips.com,,,,customerservice@greatclips.com,@greatclips,,unverified,unknown,http://www.greatclips.com,4,272,yes (4400+),corporate franchise site indicates hiring (Salon Careers/Franchising pages; website_hiring=true) -- no location-specific data
Hand & Stone Massage and Facial Spa,,beauty and wellness,3210 N Lincoln Ave,60657,Lakeview,(872) 666-4334,https://handandstone.com/locations/chicago-lakeview,,,,mgr.lakeview@handandstone.com,@handandstoneusa,,unverified,zenoti,,4.2,338,yes (count unknown),hiring
Happy Angel Spa,,beauty and wellness,3240 N Clark St,60657,Lakeview,(312) 375-4739,,,,,,,,unverified,unknown,https://www.yelp.com/biz/happy-angel-spa-chicago,,,no,
Harbor View Salon and Spa,,nails,3200 N Lake Shore Dr,60657,Lakeview,(773) 472-2225,,,,,,,,unverified,unknown,https://www.yelp.com/biz/harbor-view-salon-and-spa-chicago,5,2,no,
Her Culture Loc Studio,,hair salon,1905 W Belmont Ave,60657,Lakeview,(704) 949-5361,,,,,,,,unverified,unknown,https://www.yelp.com/biz/her-culture-loc-studio-chicago,5,13,no,
Hi-Way Nails,,nails,608 W Belmont Ave,60657,Lakeview,(773) 281-0881,,,,,,,,unverified,unknown,https://www.yelp.com/biz/hi-way-nails-chicago,4.6,60,no,
Hollywood Nails,,nails,650 W Cornelia,60657,Lakeview,(773) 327-9807,,,,,,,,unverified,fresha,https://www.fresha.com/lvp/hollywood-nails-west-cornelia-avenue-chicago-jbZBVk,4.6,147,no,"Existing Fresha user, payments-attach conversation?; existing Fresha user"
Ideal Salon,,beauty and wellness,822 W Belmont Ave,60657,Lakeview,(872) 206-2823,http://www.idealsalonn.com,,,,,@ideal_salon,,unverified,none,http://www.idealsalonn.com,4.7,242,no,
Indira Salon Spa,,hair salon,3337 N Southport Ave,60657,Lakeview,(773) 348-3838,https://indirasalonspa.com/locations/southport,,,,,@indirasalonspa,,unverified,salonbiz,https://book.salonbiz.com/,4.6,322,yes (3),"actively hiring; part of 3-location Aveda salon group (Southport Chicago, Park Ridge, Green Bay)"
Jamilya’s Lashes,,lash and brow,2934 N Clark St,60657,Lakeview,(872) 301-0466,,,,,,,,unverified,vagaro,https://www.vagaro.com/elevatedlashlab,4.8,420,no,
L & B Nails,,nails,3456 N Clark St,60657,Lakeview,(773) 880-0345,,,,,,,,unverified,unknown,https://www.yelp.com/biz/l-and-b-nails-chicago,,,no,
Lakeview Elegant Salon,,hair salon,3428 N Broadway,60657,Lakeview,(312) 714-4188,http://www.lakeviewelegantsalon.com,,,,,,,unverified,fresha,https://www.fresha.com/a/lakeview-elegant-salon-chicago-3428-n-broadway-m0rprhhk/all-offer,4.9,360,no,"Existing Fresha user, payments-attach conversation?; Existing Fresha user."
Lakeview Nails,,nails,2941 N Broadway St,60657,Lakeview,(773) 665-8510,,,,,,,,unverified,unknown,https://www.yelp.com/biz/lakeview-nails-chicago,4.6,163,no,
Lakeview Threading Salon,,lash and brow,739 W Belmont Ave,60657,Lakeview,(773) 348-0250,http://www.lakeviewthreadingsalon.com,,,,,,,unverified,unknown,http://www.lakeviewthreadingsalon.com,4.8,226,no,Standout review praises staff member Sejal by name for threading service.
Lik Salon,,hair salon,1832 W Belmont Ave,60657,Lakeview,(312) 776-4266,,,,,,,,unverified,unknown,https://www.yelp.com/biz/lik-salon-chicago,4.9,60,no,Grand opening September 2019.
Lindsay Station,,hair salon,3510 N Lincoln Ave,60657,Lakeview,(773) 296-6060,,,,,,,,unverified,unknown,https://www.yelp.com/biz/lindsay-station-chicago,5,37,no,
Love You Nail Studio,,lash and brow,2829 N Clark St,60657,Lakeview,(773) 707-7031,https://loveyounailsalon.com,,,,loveyounailsalon@gmail.com,@loveyou_nailsalon,,unverified,square,https://squareup.com/appointments/book/kbamfopputrxms/L9B6FFKFB3FKE/services,4.8,1077,yes (5),Chicago chain with 5 studios (West Loop to River North); this address is one of them. Female-founded brand; Russian manicure specialty; Strong review base (1077 Google reviews)
Lu's Nail Boutique,,nails,3327 N Broadway St,60657,Lakeview,(773) 348-3091,,,,,,,,unverified,unknown,https://www.yelp.com/biz/lus-nail-boutique-chicago,4.5,27,no,
Lumera Nail Salon,,nails,2950 N Clark St,60657,Lakeview,(773) 975-3508,,,,,,,,unverified,unknown,https://www.yelp.com/biz/lumera-nail-salon-chicago,4.1,127,no,
MB Nail,,nails,2814 N Halsted St,60657,Lakeview,(773) 525-4450,,,,,,,,unverified,unknown,https://www.yelp.com/biz/mb-nail-chicago,4.5,78,no,
ME:U Nails & Spa,,nails,415 W Belmont Ave,60657,Lakeview,(773) 296-6264,,,,,,,,unverified,fresha,https://www.fresha.com/lvp/me-u-nails-spa-west-belmont-avenue-chicago-eXXMAn,4.7,77,no,"Existing Fresha user, payments-attach conversation?; Existing Fresha user, Google booking link routes to a fresha.com listing."
MF Aesthetics,,lash and brow,2926 N Lincoln Ave,60657,Lakeview,(773) 837-4166,https://mfaesthetics.com,,,,,,,unverified,unknown,https://mfaesthetics.com,,,no,Korean lash-lift & skincare spa in Lakeview/Lincoln Park since 2019 (per Yelp); website currently down.
Manely Cuts & Blowouts,,hair salon,2907 N Clark St,60657,Lakeview,(773) 904-7074,,,,,,,,unverified,vagaro,https://www.vagaro.com/us04/manely,5,46,no,
Mani & Pedi,,nails,2815 N Southport Ave,60657,Lakeview,(773) 975-0093,,,,,,,,unverified,fresha,https://www.fresha.com/book-now/linzy-nails-and-spa-pph7ljdl/all-offer?id=986840&pId=934930&rwg_token=AE37R_jmcJVGJU-f7d9PMGerauxm8ODAZBHxfAr0MYATjujeLWL5jtXmj06QtFoTmr6FhCHRFdXfqVmkRDUk3IEWAkRaJrkipA%3D%3D,4.8,131,no,"Existing Fresha user, payments-attach conversation?"
Maricure Nail Studio,,nails,"3055 N Lincoln Ave, Ste 4",60657,Lakeview,(773) 270-1411,,,,,,,,unverified,vagaro,https://www.vagaro.com/us04/maricure/book-now?partner=fb,5,24,no,
Mary’s Hot Nails,,nails,3353 North Clark St,60657,Lakeview,(773) 697-9057,http://maryhotnails.com,,,,,@workwithatom,,unverified,booksy,https://booksy.com/en-us/rwg/995677_marys-hot-nails_nail-salon_18229_chicago?rwg_token=AE37R_gwL6fOUBgX46eCwIWpeTYYW0vhNCmHNxnlsVA86bSkRD3X9jSSD8DUyTu0OQNii5U5MHTLU-sgf8LfiTYk_ag6HFB5kg%3D%3D,4.9,289,no,
Masters Massage & Skincare,,beauty and wellness,1821 W Belmont Ave,60657,Lakeview,(360) 319-2786,,,,,,,,unverified,acuity,https://beckymastersmassageandskincare.as.me/,5,77,no,Acuity lists 3 calendars; not clearly per-person; Website listed on Yelp (zeninthecitychicago.com) looks like a different business; removed
Milios Hair Studio,,hair salon,"959 W Belmont Ave, Fl 2",60657,Lakeview,(773) 549-1461,http://www.milioshairstudio.com,,,,questions@milioshairstudio.com,@itsmilioshair,,unverified,meevo,https://na0.meevo.com/CustomerPortal/onlinebooking/booking/guestinfo?tenantId=101665&locationId=104075,4.8,320,no,Iconic Lakeview salon est. 1975 (per IG bio); rebuilt after a 2012 building fire (per Yelp history).
My Nail.com,,nails,3170 N Clark St,60657,Lakeview,(773) 929-5929,,,,,,,,unverified,unknown,https://www.yelp.com/biz/my-nail-com-chicago-2,4.3,136,no,
N1 Aesthetics,,lash and brow,1408 W Belmont Ave,60657,Lakeview,(773) 780-6079,,,,,,,,unverified,unknown,https://www.yelp.com/biz/n1-aesthetics-chicago,,,no,
Nails Art 1,,nails,3259 N Ashland Ave,60657,Lakeview,(773) 666-5163,https://nailsart1chicago.com,,,,,,,unverified,unknown,https://nailsart1chicago.com,4.3,171,no,
Natural Healers Spa,,beauty and wellness,3330 N Ashland Ave,60657,Lakeview,(773) 935-9256,,,,,,,,unverified,unknown,https://www.yelp.com/biz/natural-healers-spa-chicago,3.7,3,no,
Ocean Nail Spa,,nails,2911 N Broadway St,60657,Lakeview,(773) 248-1961,,,,,,,,unverified,unknown,https://www.yelp.com/biz/ocean-nail-spa-chicago,4.5,74,no,
Painless Waxing Boutique,,lash and brow,3146 N Lincoln Ave,60657,Lakeview,(773) 472-6101,http://www.painlesswaxingboutique.com,,,,,@waxingchicago,,unverified,vagaro,https://www.vagaro.com/us04/painlesswaxingboutique?terms=on,4.7,153,no,"Opened 2013 in Lakeview; moved to a new 3,000 sq ft location with a BYOB bar."
Pedicute Nails & Spa,,nails,609 W Belmont Ave,60657,Lakeview,(773) 281-1754,,,,,,,,unverified,unknown,https://www.yelp.com/biz/pedicute-nails-and-spa-chicago,,,no,
Perfect Eyebrows,,lash and brow,2828 N Clark St,60657,Lakeview,(773) 281-3852,,,,,,,,unverified,unknown,https://www.yelp.com/biz/perfect-eyebrows-chicago,4.7,78,no,
Philip B Studio 24,,hair salon,"2945 N Broadway, Unit 2",60657,Lakeview,(773) 627-4940,,,,,,,,unverified,vagaro,http://www.vagaro.com/philipbstudio24,5,17,no,
Pinky Nail on Southport,,nails,3503 N Southport Ave,60657,Lakeview,(773) 248-5080,http://www.pinkyschicago.com,,,,,,,unverified,unknown,http://www.pinkyschicago.com,,,no,
Pride Nail Boutique,,nails,3420 N Halsted St,60657,Lakeview,(773) 782-0045,http://pridenailboutique.com,,,,borisb@pridenailboutique.com,@pridenailboutique,,unverified,unknown,http://pridenailboutique.com,4.1,66,no,
Pure Med Spa,,beauty and wellness,3037 N Clark St,60657,Lakeview,(773) 549-2051,,,,,,,,unverified,unknown,https://www.yelp.com/biz/pure-med-spa-chicago,,,no,
Rebel Lash,,lash and brow,2936 N Lincoln Ave,60657,Lakeview,(773) 431-3558,http://rebellashandbrow.com,,,,info@rebellashandbrow.com,@_rebellash,,unverified,square,https://book.squareup.com/appointments/2p4ig5izt7wer4/location/CEDHNDC15QX53,4.9,42,no,
Reflexion Spa,,beauty and wellness,3416 N Sheffield Ave,60657,Lakeview,(312) 600-8861,http://www.reflexionspa.com,,,,envorion@reflexionspa.com,,,unverified,unknown,http://www.reflexionspa.com,4.7,176,yes (2),expanded to a second location (Hinsdale) in addition to original Lakeview/Wrigley spot
Ricci Kapricci HALSTED,,hair salon,3438 N Halsted St,60657,Lakeview,(773) 698-7797,https://www.riccikapricci.com/halsted-location,,,,riccikapricci1@gmail.com,@riccikapricci.salon,,unverified,phorest,https://phorest.com/book/salons/riccikapriccisalon2,4.9,653,yes (3),"Roster of 8 appears company-wide (yes (3)); per-location count unverified, source: https://www.riccikapricci.com/halsted-location; Family-owned since 2013, 3 Chicago locations (Armitage, Fullerton, Halsted); team roster scraped from Halsted page may span all 3 locations, not Halsted-specific; Strong review base (653 Google reviews); Owner Silvio Mato listed once, on the Ricci Kapricci Fullerton row"
Robert Jeffrey Lakeview,,hair salon,3153 N Broadway,60657,Lakeview,(773) 525-8800,https://www.robertjeffreylakeview.com,,,,,,,unverified,unknown,https://www.robertjeffreylakeview.com,4.6,149,no,"Roster of 14 appears company-wide (no); per-location count unverified, source: https://www.robertjeffreylakeview.com/team; actively hiring (Career page live; apprentice program)"
Royale of London,,hair salon,2910 N Broadway St,60657,Lakeview,(773) 477-5558,http://royaleoflondon.com,,,,,,,unverified,unknown,http://royaleoflondon.com/,,,no,
Salon Aster,,hair salon,2825 N Southport Ave,60657,Lakeview,(773) 698-6079,https://www.salonaster.com,,,,,@salonaster,,unverified,square,https://book.squareup.com/appointments/1ibtcq8u666284/location/LC1AVXWBCD3BN/services/V3GRVSIE6ORGWGBTINI3S74X,4.9,123,no,"Site indicates the salon has relocated to Bucktown/Wicker Park (2252 W North Ave), the source address (2825 N Southport, Lakeview 60657) may be out of date."
Salon Blue,,hair salon,2915 N Sheffield,60657,Lakeview,(773) 525-2583,,,,,,,,unverified,vagaro,https://www.vagaro.com/salonblue,4.9,40,no,"national press: Self, Lucky, Allure, InStyle, TLC's A Makeover Story; local: Chicago Magazine, Time Out Chicago, Chicago Tribune, ABC7 Chicago"
Salon De Vogue Nail & Spa,,nails,2843 N Broadway,60657,Lakeview,(773) 244-1077,,,,,,,,unverified,unknown,https://www.yelp.com/biz/salon-de-vogue-nail-and-spa-chicago-6,4.6,360,no,"recently changed ownership (Yelp: ""under new ownership"")"
Sapphire Nail Salon,,nails,3011 N Broadway,60657,Lakeview,(773) 857-2181,,,,,,,,unverified,booksy,https://booksy.com/en-us/rwg/223451_sapphire-nails-broadway_nail-salon_18229_chicago?rwg_token=AE37R_gY47hsOaMG09Xm6six7z0B7N8cJpVHAAgsn35AyqOB3s1UdWk6kmH3llgG4tlQgSA3trYM8Y1YCfmRngluafPoBn7UXg%3D%3D,4.3,115,no,
Semper Laser,,beauty and wellness,"2906 N Ashland Ave, Ste 3",60657,Lakeview,(773) 923-2827,https://www.semperlaser.com,,,,info@semperlaser.com,@semperlaser,,unverified,unknown,https://www.semperlaser.com,,,yes (33),"Hiring (per website); National laser-hair-removal chain (33 studios, 10 states, incl. Chicago); team page describes staff categories only, no named individuals to count."
Side Door Salon,,hair salon,1905 W Belmont Ave,60657,Lakeview,(773) 633-6832,,,,,,,,unverified,unknown,https://www.yelp.com/biz/side-door-salon-chicago,5,10,no,
Sine Qua Non Salons,,hair salon,3417 N Lincoln Ave,60657,Lakeview,(773) 404-8789,http://sinequanonsalons.com,Laura Boton,owner,,lakeview@sinequanonsalons.com,@sinequanonsalons,,unverified,rosy,https://online.rosysalonsoftware.com/onlineBooking?id=23905,,,yes (3),"Roster of 25 appears company-wide (yes (3)); per-location count unverified, source: https://sinequanonsalons.com/stylists/; Hiring (per website); 25-stylist roster spans all 3 Sine Qua Non locations (Lakeview, Andersonville, West Town), not broken out per address. Est. 1993; named a Top 10 US salon (Chicago Style Magazine, WSJ, Time Out, Salon Today Top 200)."
Somatic Remedies Spa,,beauty and wellness,"1905 W Belmont Ave, Ste 2",60657,Lakeview,(224) 999-0164,,,,,,,,unverified,unknown,https://www.yelp.com/biz/somatic-remedies-spa-chicago,,,no,
Spa Derma - Lakeview,,beauty and wellness,3200 N Southport Ave,60657,Lakeview,(773) 770-8855,https://spaderma.com/pages/locations/lakeview,,,,info@spaderma.com,@spaderma_medspa,,unverified,unknown,https://spaderma.com/pages/locations/lakeview,4.9,794,yes (5),"Roster of 75 appears company-wide (yes (5)); per-location count unverified, source: https://spaderma.com/pages/about-us; Hiring (per website); 75-provider figure is company-wide across 5 Chicagoland locations (Lincoln Park, West Loop, North Shore, Lakeview, Wicker Park), not specific to this address; Strong review base (794 Google reviews)"
Spoke & Weal,,hair salon,1637 W Belmont Ave,60657,Lakeview,(872) 817-7100,https://www.spokeandweal.com/chicago,Jon Reyman,co-owner,,,,,unverified,boulevard,https://www.spokeandweal.com/chicago/,,,yes (4),"Est. 2013; national chain with flagships in SF, LA, SoHo NYC, and Chicago per Yelp bio."
Studio Six On Paulina,,hair salon,"3255 N Paulina St, Ste C",60657,Lakeview,(312) 613-0545,,,,,,,,unverified,unknown,https://www.yelp.com/biz/studio-six-on-paulina-chicago-2,,,no,
Supercuts,,hair salon,"2912 N Ashland Ave, Ashland Wellington Plaza",60657,Lakeview,(773) 922-6346,https://www.supercuts.com/locations/nearme/haircut/il/chicago/2912-n-ashland-ave/90457,,,,,,,unverified,unknown,https://www.supercuts.com/locations/nearme/haircut/il/chicago/2912-n-ashland-ave/90457,4.8,781,yes (count unknown),Strong review base (781 Google reviews)
Thai Lanna,,beauty and wellness,"3257 N Sheffield Ave, Ste 111",60657,Lakeview,(312) 783-8179,https://www.thailannachicago.com/book-online,,,,info@thailannachicago.com,,,unverified,unknown,https://www.thailannachicago.com/book-online,5,35,no,
The K Beauty Skin Spa,,beauty and wellness,2816 N Lincoln Ave,60657,Lakeview,(224) 203-3666,https://www.kbeautyskinclinic.com,,,,,@thekbeautyskinspa,,unverified,vagaro,https://www.vagaro.com/kbeautyskinclinic/book-now,,,yes (3),"Roster of 3 appears company-wide (yes (3)); per-location count unverified, source: https://www.kbeautyskinclinic.com; roster spans 3 locations (Northbrook, Park Ridge, Lincoln Park); count not verified as specific to this Chicago/Lincoln Park address"
The NOW Massage Lakeview,,beauty and wellness,3120 N Broadway,60657,Lakeview,(773) 828-5680,,,,,,,,unverified,unknown,https://www.yelp.com/biz/the-now-massage-lakeview-chicago-2,4.6,225,yes (90+),"Hiring (per website); National franchise, 90+ locations coast to coast (per IG bio); no location-specific roster of massage therapists found; Website listed on Yelp (thenowmassage.com) looks like a different business; removed"
Tou Yuan Tang Spa,,beauty and wellness,3347 N Clark St,60657,Lakeview,(773) 868-6689,https://www.touyuantang.com,,,,touyuantangspa@gmail.com,,,unverified,booksy,https://booksy.com/en-us/rwg/1306030_touyuantang-spa_massage_18229_chicago?rwg_token=AE37R_hKUX4uxtmS3oJdylZujkeYJNlRR7y5Srt5vDtQXnGq76OXqXTGk9AdL76BO1To0Lk0lW3KVEHer9rsfIXGY4JfaahZMQ%3D%3D,4.8,373,no,"Recently opened (since 2024); 1,200+ reviews; featured in ChicagoMag/Timeout."
Twenty 1 Clinic,,lash and brow,3530 N Lincoln Ave,60657,Lakeview,,https://www.twenty1clinic.com,,,,,,,unverified,unknown,https://www.twenty1clinic.com,4.7,170,no,
VP Salon Organic,,hair salon,3125 N Broadway,60657,Lakeview,(872) 802-4171,http://www.vpsalonorganic.com,,,,,,,unverified,unknown,http://www.vpsalonorganic.com,4.9,40,yes (2),actively hiring
Vip Nail Spa,,nails,1342 W Belmont Ave,60657,Lakeview,(773) 901-6666,,,,,,,,unverified,booksy,https://booksy.com/en-us/rwg/1061226_vip-nail-spa_nail-salon_18229_chicago?rwg_token=AE37R_jbSCqiySMWg6KcMZ1WcubaEawZKfRKivE_aJbtDKRbEK5Ybo_unUiN5aHtShGUp1D3RimC_11U0MfbfE_eoHsn3DhzfQ%3D%3D,4.8,191,no,
Vital Nail Space,,nails,1652 W Roscoe St,60657,Lakeview,(773) 614-1336,,,,,,,,unverified,unknown,https://www.yelp.com/biz/vital-nail-space-chicago,5,5,no,
Wellness Home at Northstar Healthcare,,beauty and wellness,"2835 N Sheffield Ave, Ste 500",60657,Lakeview,(773) 296-2400,http://www.wellnesshome.org,,,,front-desk@wellnesshome.org,@wellnesshomewh,,unverified,unknown,http://www.wellnesshome.org,4.6,105,yes (count unknown),actively hiring (Join Our Team page live)
Zelaz Salon,,hair salon,3321 N Broadway,60657,Lakeview,(773) 929-7909,,,,,,,,unverified,unknown,https://www.yelp.com/biz/zelaz-salon-chicago,4.8,33,no,
